"","ID","V","I","W"
"2",1001,"V22",2,1
"3",1002,"V22",4,2
"4",1003,"V22",4,2
"5",1004,"V22",5,1
"6",1005,"V22",7,1
"7",1006,"V22",8,1
"8",1007,"V22",11,1
"9",1008,"V22",14,3
"10",1009,"V22",14,3
"11",1010,"V22",14,3
"12",1012,"V22",17,3
"13",1013,"V22",17,3
"14",1011,"V22",17,3
"15",1014,"V22",19,2
"16",1015,"V22",19,2
"17",1016,"V22",21,2
"18",1017,"V22",21,2
"19",1018,"V22",23,2
"20",1019,"V22",23,2
"21",1021,"V22",26,3
"22",1022,"V22",26,3
"23",1020,"V22",26,3
"24",1023,"V22",29,1
"25",1024,"V22",31,2
"26",1025,"V22",31,2
"27",1026,"V22",32,1
"28",1027,"V22",34,1
"29",1028,"V22",35,1
"30",1029,"V22",37,2
"31",1030,"V22",37,2
"32",1031,"V22",42,2
"33",1032,"V22",42,2
"34",1034,"V22",44,2
"35",1033,"V22",44,2
"36",1035,"V22",45,1
"37",1036,"V22",49,4
"38",1037,"V22",49,4
"39",1038,"V22",49,4
"40",1039,"V22",49,4
"41",1040,"V22",54,1
"42",1041,"V22",55,1
"43",1042,"V22",57,1
"44",1043,"V22",58,1
"45",1044,"V22",59,1
"46",1045,"V22",61,1
"47",1046,"V22",62,1
"48",1047,"V22",64,2
"49",1048,"V22",64,2
"50",1049,"V22",65,1
"51",1050,"V22",66,1
"52",1051,"V22",70,1
"53",1052,"V22",71,1
"54",1053,"V22",73,2
"55",1054,"V22",73,2
"56",1057,"V22",78,5
"57",1058,"V22",78,5
"58",1059,"V22",78,5
"59",1055,"V22",78,5
"60",1056,"V22",78,5
"61",1062,"V22",84,6
"62",1063,"V22",84,6
"63",1064,"V22",84,6
"64",1065,"V22",84,6
"65",1061,"V22",84,6
"66",1060,"V22",84,6
"67",1072,"V22",91,7
"68",1071,"V22",91,7
"69",1070,"V22",91,7
"70",1069,"V22",91,7
"71",1066,"V22",91,7
"72",1067,"V22",91,7
"73",1068,"V22",91,7
"74",1075,"V22",94,3
"75",1073,"V22",94,3
"76",1074,"V22",94,3
"77",1080,"V22",100,6
"78",1081,"V22",100,6
"79",1076,"V22",100,6
"80",1077,"V22",100,6
"81",1078,"V22",100,6
"82",1079,"V22",100,6
"83",1084,"V22",103,3
"84",1082,"V22",103,3
"85",1083,"V22",103,3
"86",1085,"V22",105,1
"87",1086,"V22",108,2
"88",1087,"V22",108,2
"89",1088,"V22",109,1
"90",1089,"V22",110,1
"91",1090,"V22",113,1
"92",1091,"V22",116,3
"93",1092,"V22",116,3
"94",1093,"V22",116,3
"95",1095,"V22",120,4
"96",1096,"V22",120,4
"97",1097,"V22",120,4
"98",1094,"V22",120,4
"99",1102,"V22",125,5
"100",1101,"V22",125,5
"101",1098,"V22",125,5
"102",1099,"V22",125,5
"103",1100,"V22",125,5
"104",1106,"V22",130,5
"105",1107,"V22",130,5
"106",1103,"V22",130,5
"107",1104,"V22",130,5
"108",1105,"V22",130,5
"109",1114,"V22",138,8
"110",1115,"V22",138,8
"111",1112,"V22",138,8
"112",1113,"V22",138,8
"113",1108,"V22",138,8
"114",1109,"V22",138,8
"115",1110,"V22",138,8
"116",1111,"V22",138,8
"117",1120,"V22",144,6
"118",1121,"V22",144,6
"119",1118,"V22",144,6
"120",1119,"V22",144,6
"121",1116,"V22",144,6
"122",1117,"V22",144,6
"123",1127,"V22",151,7
"124",1128,"V22",151,7
"125",1125,"V22",151,7
"126",1126,"V22",151,7
"127",1123,"V22",151,7
"128",1124,"V22",151,7
"129",1122,"V22",151,7
"130",1136,"V22",159,8
"131",1134,"V22",159,8
"132",1135,"V22",159,8
"133",1131,"V22",159,8
"134",1132,"V22",159,8
"135",1133,"V22",159,8
"136",1130,"V22",159,8
"137",1129,"V22",159,8
"138",1141,"V22",164,5
"139",1139,"V22",164,5
"140",1140,"V22",164,5
"141",1138,"V22",164,5
"142",1137,"V22",164,5
"143",1146,"V22",170,6
"144",1147,"V22",170,6
"145",1145,"V22",170,6
"146",1143,"V22",170,6
"147",1144,"V22",170,6
"148",1142,"V22",170,6
"149",1154,"V22",177,7
"150",1153,"V22",177,7
"151",1152,"V22",177,7
"152",1150,"V22",177,7
"153",1151,"V22",177,7
"154",1148,"V22",177,7
"155",1149,"V22",177,7
"156",1160,"V22",183,6
"157",1157,"V22",183,6
"158",1158,"V22",183,6
"159",1159,"V22",183,6
"160",1156,"V22",183,6
"161",1155,"V22",183,6
"162",1163,"V22",186,3
"163",1162,"V22",186,3
"164",1161,"V22",186,3
"165",1167,"V22",192,6
"166",1168,"V22",192,6
"167",1169,"V22",192,6
"168",1165,"V22",192,6
"169",1166,"V22",192,6
"170",1164,"V22",192,6
"171",1175,"V22",198,6
"172",1174,"V22",198,6
"173",1173,"V22",198,6
"174",1171,"V22",198,6
"175",1172,"V22",198,6
"176",1170,"V22",198,6
"177",1179,"V22",202,4
"178",1178,"V22",202,4
"179",1177,"V22",202,4
"180",1176,"V22",202,4
"181",1180,"V22",205,3
"182",1181,"V22",205,3
"183",1182,"V22",205,3
"184",1183,"V22",206,1
"185",1184,"V22",207,1
"186",1185,"V22",210,1
"187",1186,"V22",211,1
"188",1187,"V22",215,2
"189",1188,"V22",215,2
"190",1190,"V22",219,4
"191",1191,"V22",219,4
"192",1192,"V22",219,4
"193",1189,"V22",219,4
"194",1195,"V22",223,4
"195",1196,"V22",223,4
"196",1194,"V22",223,4
"197",1193,"V22",223,4
"198",1199,"V22",226,3
"199",1197,"V22",226,3
"200",1198,"V22",226,3
"201",1202,"V22",233,7
"202",1203,"V22",233,7
"203",1204,"V22",233,7
"204",1205,"V22",233,7
"205",1206,"V22",233,7
"206",1200,"V22",233,7
"207",1201,"V22",233,7
"208",1207,"V22",234,1
"209",1208,"V22",236,1
"210",1209,"V22",237,1
"211",1210,"V22",239,2
"212",1211,"V22",239,2
"213",1212,"V22",241,2
"214",1213,"V22",241,2
"215",1214,"V22",246,3
"216",1215,"V22",246,3
"217",1216,"V22",246,3
"218",1219,"V22",249,3
"219",1217,"V22",249,3
"220",1218,"V22",249,3
"221",1222,"V22",252,3
"222",1220,"V22",252,3
"223",1221,"V22",252,3
"224",1224,"V22",255,3
"225",1225,"V22",255,3
"226",1223,"V22",255,3
"227",1226,"V22",256,1
"228",1227,"V22",257,1
"229",1228,"V22",259,2
"230",1229,"V22",259,2
"231",1230,"V22",261,2
"232",1231,"V22",261,2
"233",1232,"V22",262,1
"234",1233,"V22",263,1
"235",1234,"V22",265,1
"236",1235,"V22",268,1
"237",1236,"V22",270,2
"238",1237,"V22",270,2
"239",1239,"V22",272,2
"240",1238,"V22",272,2
"241",1241,"V22",274,2
"242",1240,"V22",274,2
"243",1242,"V22",277,3
"244",1243,"V22",277,3
"245",1244,"V22",277,3
"246",1247,"V22",280,3
"247",1245,"V22",280,3
"248",1246,"V22",280,3
"249",1248,"V22",283,3
"250",1249,"V22",283,3
"251",1250,"V22",283,3
"252",1255,"V22",289,6
"253",1256,"V22",289,6
"254",1253,"V22",289,6
"255",1254,"V22",289,6
"256",1251,"V22",289,6
"257",1252,"V22",289,6
"258",1262,"V22",295,6
"259",1261,"V22",295,6
"260",1259,"V22",295,6
"261",1260,"V22",295,6
"262",1257,"V22",295,6
"263",1258,"V22",295,6
"264",1268,"V22",303,8
"265",1269,"V22",303,8
"266",1270,"V22",303,8
"267",1267,"V22",303,8
"268",1265,"V22",303,8
"269",1266,"V22",303,8
"270",1264,"V22",303,8
"271",1263,"V22",303,8
"272",1278,"V22",312,9
"273",1279,"V22",312,9
"274",1277,"V22",312,9
"275",1275,"V22",312,9
"276",1276,"V22",312,9
"277",1274,"V22",312,9
"278",1272,"V22",312,9
"279",1273,"V22",312,9
"280",1271,"V22",312,9
"281",1288,"V22",321,9
"282",1287,"V22",321,9
"283",1286,"V22",321,9
"284",1285,"V22",321,9
"285",1284,"V22",321,9
"286",1282,"V22",321,9
"287",1283,"V22",321,9
"288",1280,"V22",321,9
"289",1281,"V22",321,9
"290",1295,"V22",328,7
"291",1292,"V22",328,7
"292",1293,"V22",328,7
"293",1294,"V22",328,7
"294",1291,"V22",328,7
"295",1290,"V22",328,7
"296",1289,"V22",328,7
"297",1304,"V22",337,9
"298",1302,"V22",337,9
"299",1303,"V22",337,9
"300",1300,"V22",337,9
"301",1301,"V22",337,9
"302",1299,"V22",337,9
"303",1298,"V22",337,9
"304",1296,"V22",337,9
"305",1297,"V22",337,9
"306",1312,"V22",346,9
"307",1313,"V22",346,9
"308",1310,"V22",346,9
"309",1311,"V22",346,9
"310",1308,"V22",346,9
"311",1309,"V22",346,9
"312",1307,"V22",346,9
"313",1306,"V22",346,9
"314",1305,"V22",346,9
"315",1322,"V22",356,10
"316",1323,"V22",356,10
"317",1321,"V22",356,10
"318",1319,"V22",356,10
"319",1320,"V22",356,10
"320",1318,"V22",356,10
"321",1317,"V22",356,10
"322",1315,"V22",356,10
"323",1316,"V22",356,10
"324",1314,"V22",356,10
"325",1333,"V22",369,13
"326",1334,"V22",369,13
"327",1335,"V22",369,13
"328",1336,"V22",369,13
"329",1331,"V22",369,13
"330",1332,"V22",369,13
"331",1329,"V22",369,13
"332",1330,"V22",369,13
"333",1327,"V22",369,13
"334",1328,"V22",369,13
"335",1326,"V22",369,13
"336",1325,"V22",369,13
"337",1324,"V22",369,13
"338",1351,"V22",385,16
"339",1352,"V22",385,16
"340",1350,"V22",385,16
"341",1348,"V22",385,16
"342",1349,"V22",385,16
"343",1345,"V22",385,16
"344",1346,"V22",385,16
"345",1347,"V22",385,16
"346",1343,"V22",385,16
"347",1344,"V22",385,16
"348",1341,"V22",385,16
"349",1342,"V22",385,16
"350",1339,"V22",385,16
"351",1340,"V22",385,16
"352",1338,"V22",385,16
"353",1337,"V22",385,16
"354",1369,"V22",402,17
"355",1368,"V22",402,17
"356",1367,"V22",402,17
"357",1366,"V22",402,17
"358",1364,"V22",402,17
"359",1365,"V22",402,17
"360",1361,"V22",402,17
"361",1362,"V22",402,17
"362",1363,"V22",402,17
"363",1360,"V22",402,17
"364",1359,"V22",402,17
"365",1358,"V22",402,17
"366",1356,"V22",402,17
"367",1357,"V22",402,17
"368",1354,"V22",402,17
"369",1355,"V22",402,17
"370",1353,"V22",402,17
"371",1383,"V22",416,14
"372",1382,"V22",416,14
"373",1381,"V22",416,14
"374",1378,"V22",416,14
"375",1379,"V22",416,14
"376",1380,"V22",416,14
"377",1375,"V22",416,14
"378",1376,"V22",416,14
"379",1377,"V22",416,14
"380",1374,"V22",416,14
"381",1373,"V22",416,14
"382",1371,"V22",416,14
"383",1372,"V22",416,14
"384",1370,"V22",416,14
"385",1389,"V22",423,7
"386",1390,"V22",423,7
"387",1388,"V22",423,7
"388",1387,"V22",423,7
"389",1386,"V22",423,7
"390",1384,"V22",423,7
"391",1385,"V22",423,7
"392",1393,"V22",426,3
"393",1392,"V22",426,3
"394",1391,"V22",426,3
"395",1394,"V22",428,2
"396",1395,"V22",428,2
"397",1397,"V22",431,3
"398",1398,"V22",431,3
"399",1396,"V22",431,3
"400",1400,"V22",434,3
"401",1401,"V22",434,3
"402",1399,"V22",434,3
"403",1402,"V22",435,1
"404",1403,"V22",437,2
"405",1404,"V22",437,2
"406",1405,"V22",438,1
"407",1406,"V22",439,1
"408",1407,"V22",441,1
"409",1408,"V22",444,3
"410",1409,"V22",444,3
"411",1410,"V22",444,3
"412",1411,"V22",446,2
"413",1412,"V22",446,2
"414",1413,"V22",447,1
"415",1414,"V22",448,1
"416",1415,"V22",451,1
"417",1416,"V22",452,1
"418",1417,"V22",454,1
"419",1418,"V22",455,1
"420",1419,"V22",457,1
"421",1420,"V22",462,2
"422",1421,"V22",462,2
"423",1422,"V22",465,3
"424",1423,"V22",465,3
"425",1424,"V22",465,3
"426",1427,"V22",468,3
"427",1426,"V22",468,3
"428",1425,"V22",468,3
"429",1429,"V22",470,2
"430",1428,"V22",470,2
"431",1430,"V22",471,1
"432",1431,"V22",473,2
"433",1432,"V22",473,2
"434",1433,"V22",475,2
"435",1434,"V22",475,2
"436",1437,"V22",478,3
"437",1435,"V22",478,3
"438",1436,"V22",478,3
"439",1439,"V22",482,4
"440",1440,"V22",482,4
"441",1441,"V22",482,4
"442",1438,"V22",482,4
"443",1446,"V22",487,5
"444",1445,"V22",487,5
"445",1443,"V22",487,5
"446",1444,"V22",487,5
"447",1442,"V22",487,5
"448",1454,"V22",496,9
"449",1455,"V22",496,9
"450",1450,"V22",496,9
"451",1451,"V22",496,9
"452",1452,"V22",496,9
"453",1453,"V22",496,9
"454",1449,"V22",496,9
"455",1447,"V22",496,9
"456",1448,"V22",496,9
"457",1462,"V22",503,7
"458",1460,"V22",503,7
"459",1461,"V22",503,7
"460",1458,"V22",503,7
"461",1459,"V22",503,7
"462",1456,"V22",503,7
"463",1457,"V22",503,7
"464",1467,"V22",508,5
"465",1466,"V22",508,5
"466",1465,"V22",508,5
"467",1463,"V22",508,5
"468",1464,"V22",508,5
"469",1472,"V22",513,5
"470",1470,"V22",513,5
"471",1471,"V22",513,5
"472",1469,"V22",513,5
"473",1468,"V22",513,5
"474",1475,"V22",516,3
"475",1473,"V22",516,3
"476",1474,"V22",516,3
"477",1477,"V22",519,3
"478",1478,"V22",519,3
"479",1476,"V22",519,3
"480",1480,"V22",521,2
"481",1479,"V22",521,2
"482",1481,"V22",523,2
"483",1482,"V22",523,2
"484",1483,"V22",524,1
"485",1484,"V22",525,1
"486",1485,"V22",527,2
"487",1486,"V22",527,2
"488",1487,"V22",531,3
"489",1488,"V22",531,3
"490",1489,"V22",531,3
"491",1493,"V22",535,4
"492",1491,"V22",535,4
"493",1492,"V22",535,4
"494",1490,"V22",535,4
"495",1495,"V22",539,4
"496",1496,"V22",539,4
"497",1497,"V22",539,4
"498",1494,"V22",539,4
"499",1502,"V22",545,6
"500",1503,"V22",545,6
"501",1501,"V22",545,6
"502",1499,"V22",545,6
"503",1500,"V22",545,6
"504",1498,"V22",545,6
"505",1507,"V22",549,4
"506",1505,"V22",549,4
"507",1506,"V22",549,4
"508",1504,"V22",549,4
"509",1508,"V22",553,4
"510",1509,"V22",553,4
"511",1510,"V22",553,4
"512",1511,"V22",553,4
"513",1514,"V22",556,3
"514",1513,"V22",556,3
"515",1512,"V22",556,3
"516",1518,"V22",560,4
"517",1515,"V22",560,4
"518",1516,"V22",560,4
"519",1517,"V22",560,4
"520",1522,"V22",564,4
"521",1521,"V22",564,4
"522",1520,"V22",564,4
"523",1519,"V22",564,4
"524",1527,"V22",569,5
"525",1525,"V22",569,5
"526",1526,"V22",569,5
"527",1523,"V22",569,5
"528",1524,"V22",569,5
"529",1531,"V22",574,5
"530",1532,"V22",574,5
"531",1530,"V22",574,5
"532",1528,"V22",574,5
"533",1529,"V22",574,5
"534",1537,"V22",581,7
"535",1538,"V22",581,7
"536",1539,"V22",581,7
"537",1536,"V22",581,7
"538",1535,"V22",581,7
"539",1533,"V22",581,7
"540",1534,"V22",581,7
"541",1548,"V22",591,10
"542",1549,"V22",591,10
"543",1546,"V22",591,10
"544",1547,"V22",591,10
"545",1545,"V22",591,10
"546",1543,"V22",591,10
"547",1544,"V22",591,10
"548",1540,"V22",591,10
"549",1541,"V22",591,10
"550",1542,"V22",591,10
"551",1558,"V22",601,10
"552",1559,"V22",601,10
"553",1557,"V22",601,10
"554",1556,"V22",601,10
"555",1554,"V22",601,10
"556",1555,"V22",601,10
"557",1553,"V22",601,10
"558",1552,"V22",601,10
"559",1551,"V22",601,10
"560",1550,"V22",601,10
"561",1569,"V22",612,11
"562",1570,"V22",612,11
"563",1568,"V22",612,11
"564",1567,"V22",612,11
"565",1565,"V22",612,11
"566",1566,"V22",612,11
"567",1564,"V22",612,11
"568",1562,"V22",612,11
"569",1563,"V22",612,11
"570",1560,"V22",612,11
"571",1561,"V22",612,11
"572",1578,"V22",620,8
"573",1576,"V22",620,8
"574",1577,"V22",620,8
"575",1574,"V22",620,8
"576",1575,"V22",620,8
"577",1573,"V22",620,8
"578",1572,"V22",620,8
"579",1571,"V22",620,8
"580",1583,"V22",627,7
"581",1584,"V22",627,7
"582",1585,"V22",627,7
"583",1582,"V22",627,7
"584",1581,"V22",627,7
"585",1579,"V22",627,7
"586",1580,"V22",627,7
"587",1588,"V22",630,3
"588",1587,"V22",630,3
"589",1586,"V22",630,3
"590",1590,"V22",634,4
"591",1591,"V22",634,4
"592",1592,"V22",634,4
"593",1589,"V22",634,4
"594",1597,"V22",639,5
"595",1595,"V22",639,5
"596",1596,"V22",639,5
"597",1593,"V22",639,5
"598",1594,"V22",639,5
"599",1605,"V22",648,9
"600",1606,"V22",648,9
"601",1604,"V22",648,9
"602",1601,"V22",648,9
"603",1602,"V22",648,9
"604",1603,"V22",648,9
"605",1599,"V22",648,9
"606",1600,"V22",648,9
"607",1598,"V22",648,9
"608",1612,"V22",655,7
"609",1613,"V22",655,7
"610",1611,"V22",655,7
"611",1610,"V22",655,7
"612",1609,"V22",655,7
"613",1608,"V22",655,7
"614",1607,"V22",655,7
"615",1616,"V22",660,5
"616",1617,"V22",660,5
"617",1618,"V22",660,5
"618",1615,"V22",660,5
"619",1614,"V22",660,5
"620",1624,"V22",666,6
"621",1620,"V22",666,6
"622",1621,"V22",666,6
"623",1622,"V22",666,6
"624",1623,"V22",666,6
"625",1619,"V22",666,6
"626",1632,"V22",674,8
"627",1630,"V22",674,8
"628",1631,"V22",674,8
"629",1629,"V22",674,8
"630",1627,"V22",674,8
"631",1628,"V22",674,8
"632",1625,"V22",674,8
"633",1626,"V22",674,8
"634",1638,"V22",680,6
"635",1637,"V22",680,6
"636",1636,"V22",680,6
"637",1634,"V22",680,6
"638",1635,"V22",680,6
"639",1633,"V22",680,6
"640",1645,"V22",687,7
"641",1643,"V22",687,7
"642",1644,"V22",687,7
"643",1642,"V22",687,7
"644",1639,"V22",687,7
"645",1640,"V22",687,7
"646",1641,"V22",687,7
"647",1653,"V22",696,9
"648",1654,"V22",696,9
"649",1652,"V22",696,9
"650",1651,"V22",696,9
"651",1649,"V22",696,9
"652",1650,"V22",696,9
"653",1647,"V22",696,9
"654",1648,"V22",696,9
"655",1646,"V22",696,9
"656",1662,"V22",704,8
"657",1661,"V22",704,8
"658",1660,"V22",704,8
"659",1659,"V22",704,8
"660",1658,"V22",704,8
"661",1655,"V22",704,8
"662",1656,"V22",704,8
"663",1657,"V22",704,8
"664",1669,"V22",711,7
"665",1668,"V22",711,7
"666",1667,"V22",711,7
"667",1666,"V22",711,7
"668",1663,"V22",711,7
"669",1664,"V22",711,7
"670",1665,"V22",711,7
"671",1674,"V22",718,7
"672",1675,"V22",718,7
"673",1676,"V22",718,7
"674",1672,"V22",718,7
"675",1673,"V22",718,7
"676",1671,"V22",718,7
"677",1670,"V22",718,7
"678",1683,"V22",725,7
"679",1682,"V22",725,7
"680",1680,"V22",725,7
"681",1681,"V22",725,7
"682",1678,"V22",725,7
"683",1679,"V22",725,7
"684",1677,"V22",725,7
"685",1690,"V22",732,7
"686",1688,"V22",732,7
"687",1689,"V22",732,7
"688",1686,"V22",732,7
"689",1687,"V22",732,7
"690",1685,"V22",732,7
"691",1684,"V22",732,7
"692",1701,"V22",744,12
"693",1702,"V22",744,12
"694",1698,"V22",744,12
"695",1699,"V22",744,12
"696",1700,"V22",744,12
"697",1696,"V22",744,12
"698",1697,"V22",744,12
"699",1695,"V22",744,12
"700",1691,"V22",744,12
"701",1692,"V22",744,12
"702",1693,"V22",744,12
"703",1694,"V22",744,12
"704",1711,"V22",753,9
"705",1708,"V22",753,9
"706",1709,"V22",753,9
"707",1710,"V22",753,9
"708",1706,"V22",753,9
"709",1707,"V22",753,9
"710",1705,"V22",753,9
"711",1704,"V22",753,9
"712",1703,"V22",753,9
"713",1720,"V22",762,9
"714",1718,"V22",762,9
"715",1719,"V22",762,9
"716",1717,"V22",762,9
"717",1716,"V22",762,9
"718",1715,"V22",762,9
"719",1714,"V22",762,9
"720",1712,"V22",762,9
"721",1713,"V22",762,9
"722",1725,"V22",767,5
"723",1724,"V22",767,5
"724",1723,"V22",767,5
"725",1722,"V22",767,5
"726",1721,"V22",767,5
"727",1732,"V22",774,7
"728",1731,"V22",774,7
"729",1729,"V22",774,7
"730",1730,"V22",774,7
"731",1726,"V22",774,7
"732",1727,"V22",774,7
"733",1728,"V22",774,7
"734",1738,"V22",780,6
"735",1736,"V22",780,6
"736",1737,"V22",780,6
"737",1735,"V22",780,6
"738",1733,"V22",780,6
"739",1734,"V22",780,6
"740",1739,"V22",782,2
"741",1740,"V22",782,2
"742",1741,"V22",783,1
"743",1742,"V22",784,1
"744",1743,"V22",785,1
"745",1744,"V22",788,3
"746",1745,"V22",788,3
"747",1746,"V22",788,3
"748",1748,"V22",791,3
"749",1749,"V22",791,3
"750",1747,"V22",791,3
"751",1750,"V22",793,2
"752",1751,"V22",793,2
"753",1752,"V22",794,1
"754",1753,"V22",798,1
"755",1754,"V22",800,2
"756",1755,"V22",800,2
"757",1756,"V22",802,2
"758",1757,"V22",802,2
"759",1758,"V22",807,3
"760",1759,"V22",807,3
"761",1760,"V22",807,3
"762",1765,"V22",813,6
"763",1766,"V22",813,6
"764",1763,"V22",813,6
"765",1764,"V22",813,6
"766",1761,"V22",813,6
"767",1762,"V22",813,6
"768",1775,"V22",822,9
"769",1771,"V22",822,9
"770",1772,"V22",822,9
"771",1773,"V22",822,9
"772",1774,"V22",822,9
"773",1770,"V22",822,9
"774",1767,"V22",822,9
"775",1768,"V22",822,9
"776",1769,"V22",822,9
"777",1781,"V22",829,7
"778",1782,"V22",829,7
"779",1779,"V22",829,7
"780",1780,"V22",829,7
"781",1777,"V22",829,7
"782",1778,"V22",829,7
"783",1776,"V22",829,7
"784",1789,"V22",837,8
"785",1790,"V22",837,8
"786",1787,"V22",837,8
"787",1788,"V22",837,8
"788",1785,"V22",837,8
"789",1786,"V22",837,8
"790",1784,"V22",837,8
"791",1783,"V22",837,8
"792",1793,"V22",842,5
"793",1794,"V22",842,5
"794",1795,"V22",842,5
"795",1792,"V22",842,5
"796",1791,"V22",842,5
"797",1798,"V22",845,3
"798",1797,"V22",845,3
"799",1796,"V22",845,3
"800",1801,"V22",851,6
"801",1802,"V22",851,6
"802",1803,"V22",851,6
"803",1804,"V22",851,6
"804",1799,"V22",851,6
"805",1800,"V22",851,6
"806",1809,"V22",856,5
"807",1807,"V22",856,5
"808",1808,"V22",856,5
"809",1806,"V22",856,5
"810",1805,"V22",856,5
"811",1811,"V22",858,2
"812",1810,"V22",858,2
"813",1812,"V22",859,1
"814",1813,"V22",861,2
"815",1814,"V22",861,2
"816",1817,"V22",864,3
"817",1815,"V22",864,3
"818",1816,"V22",864,3
"819",1818,"V22",865,1
"820",1819,"V22",867,2
"821",1820,"V22",867,2
"822",1821,"V22",868,1
"823",1822,"V22",871,3
"824",1823,"V22",871,3
"825",1824,"V22",871,3
"826",1825,"V22",873,2
"827",1826,"V22",873,2
"828",1827,"V22",874,1
"829",1828,"V22",878,1
"830",1829,"V22",882,3
"831",1830,"V22",882,3
"832",1831,"V22",882,3
"833",1832,"V22",883,1
"834",1833,"V22",884,1
"835",1834,"V22",889,2
"836",1835,"V22",889,2
"837",1838,"V22",894,5
"838",1839,"V22",894,5
"839",1840,"V22",894,5
"840",1836,"V22",894,5
"841",1837,"V22",894,5
"842",1845,"V22",901,7
"843",1846,"V22",901,7
"844",1847,"V22",901,7
"845",1841,"V22",901,7
"846",1842,"V22",901,7
"847",1843,"V22",901,7
"848",1844,"V22",901,7
"849",1852,"V22",906,5
"850",1851,"V22",906,5
"851",1850,"V22",906,5
"852",1849,"V22",906,5
"853",1848,"V22",906,5
"854",1854,"V22",908,2
"855",1853,"V22",908,2
"856",1855,"V22",911,2
"857",1856,"V22",911,2
"858",1860,"V22",915,4
"859",1857,"V22",915,4
"860",1858,"V22",915,4
"861",1859,"V22",915,4
"862",1865,"V22",920,5
"863",1864,"V22",920,5
"864",1863,"V22",920,5
"865",1861,"V22",920,5
"866",1862,"V22",920,5
"867",1873,"V22",929,9
"868",1874,"V22",929,9
"869",1872,"V22",929,9
"870",1869,"V22",929,9
"871",1870,"V22",929,9
"872",1871,"V22",929,9
"873",1868,"V22",929,9
"874",1866,"V22",929,9
"875",1867,"V22",929,9
"876",1878,"V22",933,4
"877",1877,"V22",933,4
"878",1876,"V22",933,4
"879",1875,"V22",933,4
"880",1881,"V22",936,3
"881",1879,"V22",936,3
"882",1880,"V22",936,3
"883",1883,"V22",938,2
"884",1882,"V22",938,2
"885",1884,"V22",940,2
"886",1885,"V22",940,2
"887",1886,"V22",941,1
"888",1887,"V22",943,1
"889",1888,"V22",945,1
"890",1889,"V22",947,1
"891",1890,"V22",949,2
"892",1891,"V22",949,2
"893",1892,"V22",953,1
"894",1893,"V22",954,1
"895",1894,"V22",957,2
"896",1895,"V22",957,2
"897",1896,"V22",958,1
"898",1897,"V22",959,1
"899",1898,"V22",963,1
"900",1899,"V22",964,1
"901",1900,"V22",968,3
"902",1901,"V22",968,3
"903",1902,"V22",968,3
"904",1904,"V22",971,3
"905",1905,"V22",971,3
"906",1903,"V22",971,3
"907",1908,"V22",974,3
"908",1906,"V22",974,3
"909",1907,"V22",974,3
"910",1910,"V22",976,2
"911",1909,"V22",976,2
"912",1911,"V22",980,3
"913",1912,"V22",980,3
"914",1913,"V22",980,3
"915",1916,"V22",984,4
"916",1917,"V22",984,4
"917",1915,"V22",984,4
"918",1914,"V22",984,4
"919",1920,"V22",987,3
"920",1919,"V22",987,3
"921",1918,"V22",987,3
"922",1924,"V22",991,4
"923",1921,"V22",991,4
"924",1922,"V22",991,4
"925",1923,"V22",991,4
"926",1928,"V22",996,5
"927",1929,"V22",996,5
"928",1926,"V22",996,5
"929",1927,"V22",996,5
"930",1925,"V22",996,5
"931",1932,"V22",999,3
"932",1931,"V22",999,3
"933",1930,"V22",999,3
"2100",1001,"V24",3,1
"3100",1002,"V24",6,2
"4100",1003,"V24",6,2
"5100",1004,"V24",7,1
"6100",1005,"V24",8,1
"7100",1006,"V24",9,1
"8100",1007,"V24",12,1
"934",1008,"V24",17,3
"1010",1009,"V24",17,3
"1110",1010,"V24",17,3
"1210",1012,"V24",20,3
"1310",1013,"V24",20,3
"1410",1011,"V24",20,3
"1510",1014,"V24",22,2
"1610",1015,"V24",22,2
"1710",1016,"V24",24,2
"1810",1017,"V24",24,2
"1910",1018,"V24",26,2
"2010",1019,"V24",26,2
"2110",1021,"V24",29,3
"2210",1022,"V24",29,3
"2310",1020,"V24",29,3
"2410",1023,"V24",30,1
"2510",1024,"V24",33,2
"2610",1025,"V24",33,2
"2710",1026,"V24",34,1
"2810",1027,"V24",35,1
"2910",1028,"V24",36,1
"3010",1029,"V24",39,2
"3110",1030,"V24",39,2
"3210",1031,"V24",44,2
"3310",1032,"V24",44,2
"3410",1034,"V24",46,2
"3510",1033,"V24",46,2
"3610",1035,"V24",47,1
"3710",1036,"V24",53,4
"3810",1037,"V24",53,4
"3910",1038,"V24",53,4
"4010",1039,"V24",53,4
"4110",1040,"V24",55,1
"4210",1041,"V24",56,1
"4310",1042,"V24",58,1
"4410",1043,"V24",59,1
"4510",1044,"V24",60,1
"4610",1045,"V24",62,1
"4710",1046,"V24",63,1
"4810",1047,"V24",66,2
"4910",1048,"V24",66,2
"5010",1050,"V24",68,2
"5110",1049,"V24",68,2
"5210",1051,"V24",71,1
"5310",1052,"V24",72,1
"5410",1053,"V24",75,2
"5510",1054,"V24",75,2
"5610",1057,"V24",83,5
"5710",1058,"V24",83,5
"5810",1059,"V24",83,5
"5910",1055,"V24",83,5
"6010",1056,"V24",83,5
"6110",1062,"V24",90,6
"6210",1063,"V24",90,6
"6310",1064,"V24",90,6
"6410",1065,"V24",90,6
"6510",1061,"V24",90,6
"6610",1060,"V24",90,6
"6710",1072,"V24",98,7
"6810",1071,"V24",98,7
"6910",1070,"V24",98,7
"7010",1069,"V24",98,7
"7110",1066,"V24",98,7
"7210",1067,"V24",98,7
"7310",1068,"V24",98,7
"7410",1075,"V24",101,3
"7510",1073,"V24",101,3
"7610",1074,"V24",101,3
"7710",1080,"V24",107,6
"7810",1081,"V24",107,6
"7910",1076,"V24",107,6
"8010",1077,"V24",107,6
"8110",1078,"V24",107,6
"8210",1079,"V24",107,6
"8310",1085,"V24",111,4
"8410",1084,"V24",111,4
"8510",1082,"V24",111,4
"8610",1083,"V24",111,4
"8710",1089,"V24",115,4
"8810",1088,"V24",115,4
"8910",1086,"V24",115,4
"9010",1087,"V24",115,4
"9110",1090,"V24",116,1
"9210",1091,"V24",119,3
"935",1092,"V24",119,3
"941",1093,"V24",119,3
"951",1095,"V24",124,4
"961",1096,"V24",124,4
"971",1097,"V24",124,4
"981",1094,"V24",124,4
"991",1102,"V24",130,5
"1001",1101,"V24",130,5
"1011",1098,"V24",130,5
"1021",1099,"V24",130,5
"1031",1100,"V24",130,5
"1041",1106,"V24",135,5
"1051",1107,"V24",135,5
"1061",1103,"V24",135,5
"1071",1104,"V24",135,5
"1081",1105,"V24",135,5
"1091",1114,"V24",146,8
"1101",1115,"V24",146,8
"1111",1112,"V24",146,8
"1121",1113,"V24",146,8
"1131",1108,"V24",146,8
"1141",1109,"V24",146,8
"1151",1110,"V24",146,8
"1161",1111,"V24",146,8
"1171",1120,"V24",152,6
"1181",1121,"V24",152,6
"1191",1118,"V24",152,6
"1201",1119,"V24",152,6
"1211",1116,"V24",152,6
"1221",1117,"V24",152,6
"1231",1127,"V24",159,7
"1241",1128,"V24",159,7
"1251",1125,"V24",159,7
"1261",1126,"V24",159,7
"1271",1123,"V24",159,7
"1281",1124,"V24",159,7
"1291",1122,"V24",159,7
"1301",1136,"V24",167,8
"1311",1134,"V24",167,8
"1321",1135,"V24",167,8
"1331",1131,"V24",167,8
"1341",1132,"V24",167,8
"1351",1133,"V24",167,8
"1361",1130,"V24",167,8
"1371",1129,"V24",167,8
"1381",1141,"V24",172,5
"1391",1139,"V24",172,5
"1401",1140,"V24",172,5
"1411",1138,"V24",172,5
"1421",1137,"V24",172,5
"1431",1146,"V24",178,6
"1441",1147,"V24",178,6
"1451",1145,"V24",178,6
"1461",1143,"V24",178,6
"1471",1144,"V24",178,6
"1481",1142,"V24",178,6
"1491",1154,"V24",185,7
"1501",1153,"V24",185,7
"1511",1152,"V24",185,7
"1521",1150,"V24",185,7
"1531",1151,"V24",185,7
"1541",1148,"V24",185,7
"1551",1149,"V24",185,7
"1561",1160,"V24",191,6
"1571",1157,"V24",191,6
"1581",1158,"V24",191,6
"1591",1159,"V24",191,6
"1601",1156,"V24",191,6
"1611",1155,"V24",191,6
"1621",1163,"V24",194,3
"1631",1162,"V24",194,3
"1641",1161,"V24",194,3
"1651",1167,"V24",200,6
"1661",1168,"V24",200,6
"1671",1169,"V24",200,6
"1681",1165,"V24",200,6
"1691",1166,"V24",200,6
"1701",1164,"V24",200,6
"1711",1175,"V24",206,6
"1721",1174,"V24",206,6
"1731",1173,"V24",206,6
"1741",1171,"V24",206,6
"1751",1172,"V24",206,6
"1761",1170,"V24",206,6
"1771",1183,"V24",214,8
"1781",1180,"V24",214,8
"1791",1181,"V24",214,8
"1801",1182,"V24",214,8
"1811",1179,"V24",214,8
"1821",1178,"V24",214,8
"1831",1177,"V24",214,8
"1841",1176,"V24",214,8
"1851",1186,"V24",217,3
"1861",1185,"V24",217,3
"1871",1184,"V24",217,3
"1881",1187,"V24",219,2
"1891",1188,"V24",219,2
"1901",1190,"V24",223,4
"1911",1191,"V24",223,4
"1921",1192,"V24",223,4
"1931",1189,"V24",223,4
"1941",1195,"V24",227,4
"1951",1196,"V24",227,4
"1961",1194,"V24",227,4
"1971",1193,"V24",227,4
"1981",1199,"V24",230,3
"1991",1197,"V24",230,3
"2001",1198,"V24",230,3
"2011",1202,"V24",240,7
"2021",1203,"V24",240,7
"2031",1204,"V24",240,7
"2041",1205,"V24",240,7
"2051",1206,"V24",240,7
"2061",1200,"V24",240,7
"2071",1201,"V24",240,7
"2081",1210,"V24",245,5
"2091",1211,"V24",245,5
"2101",1209,"V24",245,5
"2111",1208,"V24",245,5
"2121",1207,"V24",245,5
"2131",1212,"V24",247,2
"2141",1213,"V24",247,2
"2151",1214,"V24",250,3
"2161",1215,"V24",250,3
"2171",1216,"V24",250,3
"2181",1219,"V24",253,3
"2191",1217,"V24",253,3
"2201",1218,"V24",253,3
"2211",1222,"V24",256,3
"2221",1220,"V24",256,3
"2231",1221,"V24",256,3
"2241",1226,"V24",260,4
"2251",1224,"V24",260,4
"2261",1225,"V24",260,4
"2271",1223,"V24",260,4
"2281",1228,"V24",263,3
"2291",1229,"V24",263,3
"2301",1227,"V24",263,3
"2311",1233,"V24",267,4
"2321",1232,"V24",267,4
"2331",1230,"V24",267,4
"2341",1231,"V24",267,4
"2351",1234,"V24",268,1
"2361",1235,"V24",269,1
"2371",1236,"V24",272,2
"2381",1237,"V24",272,2
"2391",1239,"V24",274,2
"2401",1238,"V24",274,2
"2411",1241,"V24",276,2
"2421",1240,"V24",276,2
"2431",1242,"V24",280,3
"2441",1243,"V24",280,3
"2451",1244,"V24",280,3
"2461",1247,"V24",283,3
"2471",1245,"V24",283,3
"2481",1246,"V24",283,3
"2491",1248,"V24",286,3
"2501",1249,"V24",286,3
"2511",1250,"V24",286,3
"2521",1255,"V24",295,6
"2531",1256,"V24",295,6
"2541",1253,"V24",295,6
"2551",1254,"V24",295,6
"2561",1251,"V24",295,6
"2571",1252,"V24",295,6
"2581",1262,"V24",301,6
"2591",1261,"V24",301,6
"2601",1259,"V24",301,6
"2611",1260,"V24",301,6
"2621",1257,"V24",301,6
"2631",1258,"V24",301,6
"2641",1268,"V24",311,8
"2651",1269,"V24",311,8
"2661",1270,"V24",311,8
"2671",1267,"V24",311,8
"2681",1265,"V24",311,8
"2691",1266,"V24",311,8
"2701",1264,"V24",311,8
"2711",1263,"V24",311,8
"2721",1278,"V24",321,9
"2731",1279,"V24",321,9
"2741",1277,"V24",321,9
"2751",1275,"V24",321,9
"2761",1276,"V24",321,9
"2771",1274,"V24",321,9
"2781",1272,"V24",321,9
"2791",1273,"V24",321,9
"2801",1271,"V24",321,9
"2811",1288,"V24",330,9
"2821",1287,"V24",330,9
"2831",1286,"V24",330,9
"2841",1285,"V24",330,9
"2851",1284,"V24",330,9
"2861",1282,"V24",330,9
"2871",1283,"V24",330,9
"2881",1280,"V24",330,9
"2891",1281,"V24",330,9
"2901",1295,"V24",337,7
"2911",1292,"V24",337,7
"2921",1293,"V24",337,7
"2931",1294,"V24",337,7
"2941",1291,"V24",337,7
"2951",1290,"V24",337,7
"2961",1289,"V24",337,7
"2971",1304,"V24",346,9
"2981",1302,"V24",346,9
"2991",1303,"V24",346,9
"3001",1300,"V24",346,9
"3011",1301,"V24",346,9
"3021",1299,"V24",346,9
"3031",1298,"V24",346,9
"3041",1296,"V24",346,9
"3051",1297,"V24",346,9
"3061",1312,"V24",355,9
"3071",1313,"V24",355,9
"3081",1310,"V24",355,9
"3091",1311,"V24",355,9
"3101",1308,"V24",355,9
"3111",1309,"V24",355,9
"3121",1307,"V24",355,9
"3131",1306,"V24",355,9
"3141",1305,"V24",355,9
"3151",1322,"V24",366,10
"3161",1323,"V24",366,10
"3171",1321,"V24",366,10
"3181",1319,"V24",366,10
"3191",1320,"V24",366,10
"3201",1318,"V24",366,10
"3211",1317,"V24",366,10
"3221",1315,"V24",366,10
"3231",1316,"V24",366,10
"3241",1314,"V24",366,10
"3251",1333,"V24",382,13
"3261",1334,"V24",382,13
"3271",1335,"V24",382,13
"3281",1336,"V24",382,13
"3291",1331,"V24",382,13
"3301",1332,"V24",382,13
"3311",1329,"V24",382,13
"3321",1330,"V24",382,13
"3331",1327,"V24",382,13
"3341",1328,"V24",382,13
"3351",1326,"V24",382,13
"3361",1325,"V24",382,13
"3371",1324,"V24",382,13
"3381",1351,"V24",401,16
"3391",1352,"V24",401,16
"3401",1350,"V24",401,16
"3411",1348,"V24",401,16
"3421",1349,"V24",401,16
"3431",1345,"V24",401,16
"3441",1346,"V24",401,16
"3451",1347,"V24",401,16
"3461",1343,"V24",401,16
"3471",1344,"V24",401,16
"3481",1341,"V24",401,16
"3491",1342,"V24",401,16
"3501",1339,"V24",401,16
"3511",1340,"V24",401,16
"3521",1338,"V24",401,16
"3531",1337,"V24",401,16
"3541",1369,"V24",419,17
"3551",1368,"V24",419,17
"3561",1367,"V24",419,17
"3571",1366,"V24",419,17
"3581",1364,"V24",419,17
"3591",1365,"V24",419,17
"3601",1361,"V24",419,17
"3611",1362,"V24",419,17
"3621",1363,"V24",419,17
"3631",1360,"V24",419,17
"3641",1359,"V24",419,17
"3651",1358,"V24",419,17
"3661",1356,"V24",419,17
"3671",1357,"V24",419,17
"3681",1354,"V24",419,17
"3691",1355,"V24",419,17
"3701",1353,"V24",419,17
"3711",1383,"V24",433,14
"3721",1382,"V24",433,14
"3731",1381,"V24",433,14
"3741",1378,"V24",433,14
"3751",1379,"V24",433,14
"3761",1380,"V24",433,14
"3771",1375,"V24",433,14
"3781",1376,"V24",433,14
"3791",1377,"V24",433,14
"3801",1374,"V24",433,14
"3811",1373,"V24",433,14
"3821",1371,"V24",433,14
"3831",1372,"V24",433,14
"3841",1370,"V24",433,14
"3851",1397,"V24",448,15
"3861",1398,"V24",448,15
"3871",1396,"V24",448,15
"3881",1394,"V24",448,15
"3891",1395,"V24",448,15
"3901",1393,"V24",448,15
"3911",1392,"V24",448,15
"3921",1391,"V24",448,15
"3931",1389,"V24",448,15
"3941",1390,"V24",448,15
"3951",1388,"V24",448,15
"3961",1387,"V24",448,15
"3971",1386,"V24",448,15
"3981",1384,"V24",448,15
"3991",1385,"V24",448,15
"4001",1414,"V24",464,16
"4011",1413,"V24",464,16
"4021",1411,"V24",464,16
"4031",1412,"V24",464,16
"4041",1408,"V24",464,16
"4051",1409,"V24",464,16
"4061",1410,"V24",464,16
"4071",1407,"V24",464,16
"4081",1406,"V24",464,16
"4091",1405,"V24",464,16
"4101",1403,"V24",464,16
"4111",1404,"V24",464,16
"4121",1402,"V24",464,16
"4131",1400,"V24",464,16
"4141",1401,"V24",464,16
"4151",1399,"V24",464,16
"4161",1420,"V24",471,7
"4171",1421,"V24",471,7
"4181",1419,"V24",471,7
"4191",1418,"V24",471,7
"4201",1417,"V24",471,7
"4211",1416,"V24",471,7
"4221",1415,"V24",471,7
"4231",1430,"V24",480,9
"4241",1429,"V24",480,9
"4251",1428,"V24",480,9
"4261",1427,"V24",480,9
"4271",1426,"V24",480,9
"4281",1425,"V24",480,9
"4291",1422,"V24",480,9
"4301",1423,"V24",480,9
"4311",1424,"V24",480,9
"4321",1437,"V24",487,7
"4331",1435,"V24",487,7
"4341",1436,"V24",487,7
"4351",1433,"V24",487,7
"4361",1434,"V24",487,7
"4371",1431,"V24",487,7
"4381",1432,"V24",487,7
"4391",1446,"V24",496,9
"4401",1445,"V24",496,9
"4411",1443,"V24",496,9
"4421",1444,"V24",496,9
"4431",1442,"V24",496,9
"4441",1439,"V24",496,9
"4451",1440,"V24",496,9
"4461",1441,"V24",496,9
"4471",1438,"V24",496,9
"4481",1454,"V24",505,9
"4491",1455,"V24",505,9
"4501",1450,"V24",505,9
"4511",1451,"V24",505,9
"4521",1452,"V24",505,9
"4531",1453,"V24",505,9
"4541",1449,"V24",505,9
"4551",1447,"V24",505,9
"4561",1448,"V24",505,9
"4571",1462,"V24",512,7
"4581",1460,"V24",512,7
"4591",1461,"V24",512,7
"4601",1458,"V24",512,7
"4611",1459,"V24",512,7
"4621",1456,"V24",512,7
"4631",1457,"V24",512,7
"4641",1467,"V24",517,5
"4651",1466,"V24",517,5
"4661",1465,"V24",517,5
"4671",1463,"V24",517,5
"4681",1464,"V24",517,5
"4691",1475,"V24",525,8
"4701",1473,"V24",525,8
"4711",1474,"V24",525,8
"4721",1472,"V24",525,8
"4731",1470,"V24",525,8
"4741",1471,"V24",525,8
"4751",1469,"V24",525,8
"4761",1468,"V24",525,8
"4771",1484,"V24",534,9
"4781",1483,"V24",534,9
"4791",1481,"V24",534,9
"4801",1482,"V24",534,9
"4811",1480,"V24",534,9
"4821",1479,"V24",534,9
"4831",1477,"V24",534,9
"4841",1478,"V24",534,9
"4851",1476,"V24",534,9
"4861",1487,"V24",539,5
"4871",1488,"V24",539,5
"4881",1489,"V24",539,5
"4891",1485,"V24",539,5
"4901",1486,"V24",539,5
"4911",1495,"V24",547,8
"4921",1496,"V24",547,8
"4931",1497,"V24",547,8
"4941",1494,"V24",547,8
"4951",1493,"V24",547,8
"4961",1491,"V24",547,8
"4971",1492,"V24",547,8
"4981",1490,"V24",547,8
"4991",1502,"V24",553,6
"5001",1503,"V24",553,6
"5011",1501,"V24",553,6
"5021",1499,"V24",553,6
"5031",1500,"V24",553,6
"5041",1498,"V24",553,6
"5051",1508,"V24",561,8
"5061",1509,"V24",561,8
"5071",1510,"V24",561,8
"5081",1511,"V24",561,8
"5091",1507,"V24",561,8
"5101",1505,"V24",561,8
"5111",1506,"V24",561,8
"5121",1504,"V24",561,8
"5131",1518,"V24",568,7
"5141",1515,"V24",568,7
"5151",1516,"V24",568,7
"5161",1517,"V24",568,7
"5171",1514,"V24",568,7
"5181",1513,"V24",568,7
"5191",1512,"V24",568,7
"5201",1522,"V24",572,4
"5211",1521,"V24",572,4
"5221",1520,"V24",572,4
"5231",1519,"V24",572,4
"5241",1527,"V24",577,5
"5251",1525,"V24",577,5
"5261",1526,"V24",577,5
"5271",1523,"V24",577,5
"5281",1524,"V24",577,5
"5291",1531,"V24",582,5
"5301",1532,"V24",582,5
"5311",1530,"V24",582,5
"5321",1528,"V24",582,5
"5331",1529,"V24",582,5
"5341",1537,"V24",589,7
"5351",1538,"V24",589,7
"5361",1539,"V24",589,7
"5371",1536,"V24",589,7
"5381",1535,"V24",589,7
"5391",1533,"V24",589,7
"5401",1534,"V24",589,7
"5411",1548,"V24",601,10
"5421",1549,"V24",601,10
"5431",1546,"V24",601,10
"5441",1547,"V24",601,10
"5451",1545,"V24",601,10
"5461",1543,"V24",601,10
"5471",1544,"V24",601,10
"5481",1540,"V24",601,10
"5491",1541,"V24",601,10
"5501",1542,"V24",601,10
"5511",1558,"V24",611,10
"5521",1559,"V24",611,10
"5531",1557,"V24",611,10
"5541",1556,"V24",611,10
"5551",1554,"V24",611,10
"5561",1555,"V24",611,10
"5571",1553,"V24",611,10
"5581",1552,"V24",611,10
"5591",1551,"V24",611,10
"5601",1550,"V24",611,10
"5611",1569,"V24",623,11
"5621",1570,"V24",623,11
"5631",1568,"V24",623,11
"5641",1567,"V24",623,11
"5651",1565,"V24",623,11
"5661",1566,"V24",623,11
"5671",1564,"V24",623,11
"5681",1562,"V24",623,11
"5691",1563,"V24",623,11
"5701",1560,"V24",623,11
"5711",1561,"V24",623,11
"5721",1578,"V24",631,8
"5731",1576,"V24",631,8
"5741",1577,"V24",631,8
"5751",1574,"V24",631,8
"5761",1575,"V24",631,8
"5771",1573,"V24",631,8
"5781",1572,"V24",631,8
"5791",1571,"V24",631,8
"5801",1588,"V24",641,10
"5811",1587,"V24",641,10
"5821",1586,"V24",641,10
"5831",1583,"V24",641,10
"5841",1584,"V24",641,10
"5851",1585,"V24",641,10
"5861",1582,"V24",641,10
"5871",1581,"V24",641,10
"5881",1579,"V24",641,10
"5891",1580,"V24",641,10
"5901",1597,"V24",650,9
"5911",1595,"V24",650,9
"5921",1596,"V24",650,9
"5931",1593,"V24",650,9
"5941",1594,"V24",650,9
"5951",1590,"V24",650,9
"5961",1591,"V24",650,9
"5971",1592,"V24",650,9
"5981",1589,"V24",650,9
"5991",1605,"V24",659,9
"6001",1606,"V24",659,9
"6011",1604,"V24",659,9
"6021",1601,"V24",659,9
"6031",1602,"V24",659,9
"6041",1603,"V24",659,9
"6051",1599,"V24",659,9
"6061",1600,"V24",659,9
"6071",1598,"V24",659,9
"6081",1612,"V24",666,7
"6091",1613,"V24",666,7
"6101",1611,"V24",666,7
"6111",1610,"V24",666,7
"6121",1609,"V24",666,7
"6131",1608,"V24",666,7
"6141",1607,"V24",666,7
"6151",1624,"V24",677,11
"6161",1620,"V24",677,11
"6171",1621,"V24",677,11
"6181",1622,"V24",677,11
"6191",1623,"V24",677,11
"6201",1619,"V24",677,11
"6211",1616,"V24",677,11
"6221",1617,"V24",677,11
"6231",1618,"V24",677,11
"6241",1615,"V24",677,11
"6251",1614,"V24",677,11
"6261",1632,"V24",685,8
"6271",1630,"V24",685,8
"6281",1631,"V24",685,8
"6291",1629,"V24",685,8
"6301",1627,"V24",685,8
"6311",1628,"V24",685,8
"6321",1625,"V24",685,8
"6331",1626,"V24",685,8
"6341",1638,"V24",691,6
"6351",1637,"V24",691,6
"6361",1636,"V24",691,6
"6371",1634,"V24",691,6
"6381",1635,"V24",691,6
"6391",1633,"V24",691,6
"6401",1645,"V24",698,7
"6411",1643,"V24",698,7
"6421",1644,"V24",698,7
"6431",1642,"V24",698,7
"6441",1639,"V24",698,7
"6451",1640,"V24",698,7
"6461",1641,"V24",698,7
"6471",1653,"V24",707,9
"6481",1654,"V24",707,9
"6491",1652,"V24",707,9
"6501",1651,"V24",707,9
"6511",1649,"V24",707,9
"6521",1650,"V24",707,9
"6531",1647,"V24",707,9
"6541",1648,"V24",707,9
"6551",1646,"V24",707,9
"6561",1662,"V24",715,8
"6571",1661,"V24",715,8
"6581",1660,"V24",715,8
"6591",1659,"V24",715,8
"6601",1658,"V24",715,8
"6611",1655,"V24",715,8
"6621",1656,"V24",715,8
"6631",1657,"V24",715,8
"6641",1669,"V24",722,7
"6651",1668,"V24",722,7
"6661",1667,"V24",722,7
"6671",1666,"V24",722,7
"6681",1663,"V24",722,7
"6691",1664,"V24",722,7
"6701",1665,"V24",722,7
"6711",1674,"V24",729,7
"6721",1675,"V24",729,7
"6731",1676,"V24",729,7
"6741",1672,"V24",729,7
"6751",1673,"V24",729,7
"6761",1671,"V24",729,7
"6771",1670,"V24",729,7
"6781",1683,"V24",736,7
"6791",1682,"V24",736,7
"6801",1680,"V24",736,7
"6811",1681,"V24",736,7
"6821",1678,"V24",736,7
"6831",1679,"V24",736,7
"6841",1677,"V24",736,7
"6851",1690,"V24",743,7
"6861",1688,"V24",743,7
"6871",1689,"V24",743,7
"6881",1686,"V24",743,7
"6891",1687,"V24",743,7
"6901",1685,"V24",743,7
"6911",1684,"V24",743,7
"6921",1701,"V24",756,12
"6931",1702,"V24",756,12
"6941",1698,"V24",756,12
"6951",1699,"V24",756,12
"6961",1700,"V24",756,12
"6971",1696,"V24",756,12
"6981",1697,"V24",756,12
"6991",1695,"V24",756,12
"7001",1691,"V24",756,12
"7011",1692,"V24",756,12
"7021",1693,"V24",756,12
"7031",1694,"V24",756,12
"7041",1711,"V24",765,9
"7051",1708,"V24",765,9
"7061",1709,"V24",765,9
"7071",1710,"V24",765,9
"7081",1706,"V24",765,9
"7091",1707,"V24",765,9
"7101",1705,"V24",765,9
"7111",1704,"V24",765,9
"7121",1703,"V24",765,9
"7131",1720,"V24",774,9
"7141",1718,"V24",774,9
"7151",1719,"V24",774,9
"7161",1717,"V24",774,9
"7171",1716,"V24",774,9
"7181",1715,"V24",774,9
"7191",1714,"V24",774,9
"7201",1712,"V24",774,9
"7211",1713,"V24",774,9
"7221",1732,"V24",786,12
"7231",1731,"V24",786,12
"7241",1729,"V24",786,12
"7251",1730,"V24",786,12
"7261",1726,"V24",786,12
"7271",1727,"V24",786,12
"7281",1728,"V24",786,12
"7291",1725,"V24",786,12
"7301",1724,"V24",786,12
"7311",1723,"V24",786,12
"7321",1722,"V24",786,12
"7331",1721,"V24",786,12
"7341",1743,"V24",797,11
"7351",1742,"V24",797,11
"7361",1741,"V24",797,11
"7371",1739,"V24",797,11
"7381",1740,"V24",797,11
"7391",1738,"V24",797,11
"7401",1736,"V24",797,11
"7411",1737,"V24",797,11
"7421",1735,"V24",797,11
"7431",1733,"V24",797,11
"7441",1734,"V24",797,11
"7451",1752,"V24",806,9
"7461",1750,"V24",806,9
"7471",1751,"V24",806,9
"7481",1748,"V24",806,9
"7491",1749,"V24",806,9
"7501",1747,"V24",806,9
"7511",1744,"V24",806,9
"7521",1745,"V24",806,9
"7531",1746,"V24",806,9
"7541",1756,"V24",811,5
"7551",1757,"V24",811,5
"7561",1754,"V24",811,5
"7571",1755,"V24",811,5
"7581",1753,"V24",811,5
"7591",1758,"V24",814,3
"7601",1759,"V24",814,3
"7611",1760,"V24",814,3
"7621",1765,"V24",820,6
"7631",1766,"V24",820,6
"7641",1763,"V24",820,6
"7651",1764,"V24",820,6
"7661",1761,"V24",820,6
"7671",1762,"V24",820,6
"7681",1775,"V24",831,9
"7691",1771,"V24",831,9
"7701",1772,"V24",831,9
"7711",1773,"V24",831,9
"7721",1774,"V24",831,9
"7731",1770,"V24",831,9
"7741",1767,"V24",831,9
"7751",1768,"V24",831,9
"7761",1769,"V24",831,9
"7771",1781,"V24",838,7
"7781",1782,"V24",838,7
"7791",1779,"V24",838,7
"7801",1780,"V24",838,7
"7811",1777,"V24",838,7
"7821",1778,"V24",838,7
"7831",1776,"V24",838,7
"7841",1789,"V24",846,8
"7851",1790,"V24",846,8
"7861",1787,"V24",846,8
"7871",1788,"V24",846,8
"7881",1785,"V24",846,8
"7891",1786,"V24",846,8
"7901",1784,"V24",846,8
"7911",1783,"V24",846,8
"7921",1798,"V24",854,8
"7931",1797,"V24",854,8
"7941",1796,"V24",854,8
"7951",1793,"V24",854,8
"7961",1794,"V24",854,8
"7971",1795,"V24",854,8
"7981",1792,"V24",854,8
"7991",1791,"V24",854,8
"8001",1801,"V24",860,6
"8011",1802,"V24",860,6
"8021",1803,"V24",860,6
"8031",1804,"V24",860,6
"8041",1799,"V24",860,6
"8051",1800,"V24",860,6
"8061",1812,"V24",868,8
"8071",1811,"V24",868,8
"8081",1810,"V24",868,8
"8091",1809,"V24",868,8
"8101",1807,"V24",868,8
"8111",1808,"V24",868,8
"8121",1806,"V24",868,8
"8131",1805,"V24",868,8
"8141",1821,"V24",877,9
"8151",1819,"V24",877,9
"8161",1820,"V24",877,9
"8171",1818,"V24",877,9
"8181",1817,"V24",877,9
"8191",1815,"V24",877,9
"8201",1816,"V24",877,9
"8211",1813,"V24",877,9
"8221",1814,"V24",877,9
"8231",1827,"V24",883,6
"8241",1825,"V24",883,6
"8251",1826,"V24",883,6
"8261",1822,"V24",883,6
"8271",1823,"V24",883,6
"8281",1824,"V24",883,6
"8291",1832,"V24",888,5
"8301",1829,"V24",888,5
"8311",1830,"V24",888,5
"8321",1831,"V24",888,5
"8331",1828,"V24",888,5
"8341",1833,"V24",889,1
"8351",1834,"V24",891,2
"8361",1835,"V24",891,2
"8371",1838,"V24",899,5
"8381",1839,"V24",899,5
"8391",1840,"V24",899,5
"8401",1836,"V24",899,5
"8411",1837,"V24",899,5
"8421",1845,"V24",908,7
"8431",1846,"V24",908,7
"8441",1847,"V24",908,7
"8451",1841,"V24",908,7
"8461",1842,"V24",908,7
"8471",1843,"V24",908,7
"8481",1844,"V24",908,7
"8491",1854,"V24",915,7
"8501",1853,"V24",915,7
"8511",1852,"V24",915,7
"8521",1851,"V24",915,7
"8531",1850,"V24",915,7
"8541",1849,"V24",915,7
"8551",1848,"V24",915,7
"8561",1860,"V24",921,6
"8571",1857,"V24",921,6
"8581",1858,"V24",921,6
"8591",1859,"V24",921,6
"8601",1855,"V24",921,6
"8611",1856,"V24",921,6
"8621",1865,"V24",926,5
"8631",1864,"V24",926,5
"8641",1863,"V24",926,5
"8651",1861,"V24",926,5
"8661",1862,"V24",926,5
"8671",1873,"V24",938,9
"8681",1874,"V24",938,9
"8691",1872,"V24",938,9
"8701",1869,"V24",938,9
"8711",1870,"V24",938,9
"8721",1871,"V24",938,9
"8731",1868,"V24",938,9
"8741",1866,"V24",938,9
"8751",1867,"V24",938,9
"8761",1883,"V24",947,9
"8771",1882,"V24",947,9
"8781",1881,"V24",947,9
"8791",1879,"V24",947,9
"8801",1880,"V24",947,9
"8811",1878,"V24",947,9
"8821",1877,"V24",947,9
"8831",1876,"V24",947,9
"8841",1875,"V24",947,9
"8851",1889,"V24",953,6
"8861",1888,"V24",953,6
"8871",1887,"V24",953,6
"8881",1886,"V24",953,6
"8891",1884,"V24",953,6
"8901",1885,"V24",953,6
"8911",1892,"V24",956,3
"8921",1890,"V24",956,3
"8931",1891,"V24",956,3
"8941",1893,"V24",957,1
"8951",1894,"V24",959,2
"8961",1895,"V24",959,2
"8971",1897,"V24",961,2
"8981",1896,"V24",961,2
"8991",1898,"V24",964,1
"9001",1899,"V24",965,1
"9011",1900,"V24",971,3
"9021",1901,"V24",971,3
"9031",1902,"V24",971,3
"9041",1904,"V24",974,3
"9051",1905,"V24",974,3
"9061",1903,"V24",974,3
"9071",1908,"V24",977,3
"9081",1906,"V24",977,3
"9091",1907,"V24",977,3
"9101",1910,"V24",979,2
"9111",1909,"V24",979,2
"9121",1911,"V24",983,3
"9131",1912,"V24",983,3
"9141",1913,"V24",983,3
"9151",1916,"V24",988,4
"9161",1917,"V24",988,4
"9171",1915,"V24",988,4
"9181",1914,"V24",988,4
"9191",1920,"V24",991,3
"9201",1919,"V24",991,3
"9211",1918,"V24",991,3
"9221",1924,"V24",995,4
"9231",1921,"V24",995,4
"9241",1922,"V24",995,4
"9251",1923,"V24",995,4
"2102",1001,"V49",4,1
"3102",1002,"V49",8,2
"4102",1003,"V49",8,2
"5102",1005,"V49",10,2
"6102",1004,"V49",10,2
"7102",1006,"V49",11,1
"8102",1007,"V49",13,1
"936",1008,"V49",20,3
"1012",1009,"V49",20,3
"1112",1010,"V49",20,3
"1212",1012,"V49",23,3
"1312",1013,"V49",23,3
"1412",1011,"V49",23,3
"1512",1014,"V49",25,2
"1612",1015,"V49",25,2
"1712",1016,"V49",27,2
"1812",1017,"V49",27,2
"1912",1018,"V49",29,2
"2012",1019,"V49",29,2
"2112",1021,"V49",32,3
"2212",1022,"V49",32,3
"2312",1020,"V49",32,3
"2412",1023,"V49",33,1
"2512",1024,"V49",35,2
"2612",1025,"V49",35,2
"2712",1027,"V49",37,2
"2812",1026,"V49",37,2
"2912",1028,"V49",38,1
"3012",1029,"V49",41,2
"3112",1030,"V49",41,2
"3212",1031,"V49",46,2
"3312",1032,"V49",46,2
"3412",1034,"V49",48,2
"3512",1033,"V49",48,2
"3612",1035,"V49",49,1
"3712",1036,"V49",57,4
"3812",1037,"V49",57,4
"3912",1038,"V49",57,4
"4012",1039,"V49",57,4
"4112",1041,"V49",59,2
"4212",1040,"V49",59,2
"4312",1043,"V49",61,2
"4412",1042,"V49",61,2
"4512",1044,"V49",62,1
"4612",1045,"V49",63,1
"4712",1046,"V49",64,1
"4812",1047,"V49",68,2
"4912",1048,"V49",68,2
"5012",1050,"V49",70,2
"5112",1049,"V49",70,2
"5212",1051,"V49",72,1
"5312",1052,"V49",73,1
"5412",1053,"V49",77,2
"5512",1054,"V49",77,2
"5612",1057,"V49",88,5
"5712",1058,"V49",88,5
"5812",1059,"V49",88,5
"5912",1055,"V49",88,5
"6012",1056,"V49",88,5
"6112",1062,"V49",96,6
"6212",1063,"V49",96,6
"6312",1064,"V49",96,6
"6412",1065,"V49",96,6
"6512",1061,"V49",96,6
"6612",1060,"V49",96,6
"6712",1072,"V49",105,7
"6812",1071,"V49",105,7
"6912",1070,"V49",105,7
"7012",1069,"V49",105,7
"7112",1066,"V49",105,7
"7212",1067,"V49",105,7
"7312",1068,"V49",105,7
"7412",1075,"V49",108,3
"7512",1073,"V49",108,3
"7612",1074,"V49",108,3
"7712",1080,"V49",114,6
"7812",1081,"V49",114,6
"7912",1076,"V49",114,6
"8012",1077,"V49",114,6
"8112",1078,"V49",114,6
"8212",1079,"V49",114,6
"8312",1085,"V49",118,4
"8412",1084,"V49",118,4
"8512",1082,"V49",118,4
"8612",1083,"V49",118,4
"8712",1090,"V49",123,5
"8812",1089,"V49",123,5
"8912",1088,"V49",123,5
"9012",1086,"V49",123,5
"9112",1087,"V49",123,5
"9212",1091,"V49",126,3
"937",1092,"V49",126,3
"942",1093,"V49",126,3
"952",1095,"V49",130,4
"962",1096,"V49",130,4
"972",1097,"V49",130,4
"982",1094,"V49",130,4
"992",1102,"V49",135,5
"1002",1101,"V49",135,5
"1013",1098,"V49",135,5
"1022",1099,"V49",135,5
"1032",1100,"V49",135,5
"1042",1106,"V49",140,5
"1052",1107,"V49",140,5
"1062",1103,"V49",140,5
"1072",1104,"V49",140,5
"1082",1105,"V49",140,5
"1092",1114,"V49",154,8
"1102",1115,"V49",154,8
"1113",1112,"V49",154,8
"1122",1113,"V49",154,8
"1132",1108,"V49",154,8
"1142",1109,"V49",154,8
"1152",1110,"V49",154,8
"1162",1111,"V49",154,8
"1172",1120,"V49",160,6
"1182",1121,"V49",160,6
"1192",1118,"V49",160,6
"1202",1119,"V49",160,6
"1213",1116,"V49",160,6
"1222",1117,"V49",160,6
"1232",1127,"V49",167,7
"1242",1128,"V49",167,7
"1252",1125,"V49",167,7
"1262",1126,"V49",167,7
"1272",1123,"V49",167,7
"1282",1124,"V49",167,7
"1292",1122,"V49",167,7
"1302",1136,"V49",175,8
"1313",1134,"V49",175,8
"1322",1135,"V49",175,8
"1332",1131,"V49",175,8
"1342",1132,"V49",175,8
"1352",1133,"V49",175,8
"1362",1130,"V49",175,8
"1372",1129,"V49",175,8
"1382",1141,"V49",180,5
"1392",1139,"V49",180,5
"1402",1140,"V49",180,5
"1413",1138,"V49",180,5
"1422",1137,"V49",180,5
"1432",1146,"V49",186,6
"1442",1147,"V49",186,6
"1452",1145,"V49",186,6
"1462",1143,"V49",186,6
"1472",1144,"V49",186,6
"1482",1142,"V49",186,6
"1492",1154,"V49",193,7
"1502",1153,"V49",193,7
"1513",1152,"V49",193,7
"1522",1150,"V49",193,7
"1532",1151,"V49",193,7
"1542",1148,"V49",193,7
"1552",1149,"V49",193,7
"1562",1160,"V49",199,6
"1572",1157,"V49",199,6
"1582",1158,"V49",199,6
"1592",1159,"V49",199,6
"1602",1156,"V49",199,6
"1613",1155,"V49",199,6
"1622",1163,"V49",202,3
"1632",1162,"V49",202,3
"1642",1161,"V49",202,3
"1652",1167,"V49",208,6
"1662",1168,"V49",208,6
"1672",1169,"V49",208,6
"1682",1165,"V49",208,6
"1692",1166,"V49",208,6
"1702",1164,"V49",208,6
"1713",1175,"V49",214,6
"1722",1174,"V49",214,6
"1732",1173,"V49",214,6
"1742",1171,"V49",214,6
"1752",1172,"V49",214,6
"1762",1170,"V49",214,6
"1772",1183,"V49",222,8
"1782",1180,"V49",222,8
"1792",1181,"V49",222,8
"1802",1182,"V49",222,8
"1813",1179,"V49",222,8
"1822",1178,"V49",222,8
"1832",1177,"V49",222,8
"1842",1176,"V49",222,8
"1852",1187,"V49",227,5
"1862",1188,"V49",227,5
"1872",1186,"V49",227,5
"1882",1185,"V49",227,5
"1892",1184,"V49",227,5
"1902",1195,"V49",235,8
"1913",1196,"V49",235,8
"1922",1194,"V49",235,8
"1932",1193,"V49",235,8
"1942",1190,"V49",235,8
"1952",1191,"V49",235,8
"1962",1192,"V49",235,8
"1972",1189,"V49",235,8
"1982",1199,"V49",238,3
"1992",1197,"V49",238,3
"2002",1198,"V49",238,3
"2013",1202,"V49",247,7
"2022",1203,"V49",247,7
"2032",1204,"V49",247,7
"2042",1205,"V49",247,7
"2052",1206,"V49",247,7
"2062",1200,"V49",247,7
"2072",1201,"V49",247,7
"2082",1212,"V49",254,7
"2092",1213,"V49",254,7
"2103",1210,"V49",254,7
"2113",1211,"V49",254,7
"2122",1209,"V49",254,7
"2132",1208,"V49",254,7
"2142",1207,"V49",254,7
"2152",1219,"V49",260,6
"2162",1217,"V49",260,6
"2172",1218,"V49",260,6
"2182",1214,"V49",260,6
"2192",1215,"V49",260,6
"2202",1216,"V49",260,6
"2213",1226,"V49",267,7
"2222",1224,"V49",267,7
"2232",1225,"V49",267,7
"2242",1223,"V49",267,7
"2252",1222,"V49",267,7
"2262",1220,"V49",267,7
"2272",1221,"V49",267,7
"2282",1233,"V49",274,7
"2292",1232,"V49",274,7
"2302",1230,"V49",274,7
"2313",1231,"V49",274,7
"2322",1228,"V49",274,7
"2332",1229,"V49",274,7
"2342",1227,"V49",274,7
"2352",1239,"V49",280,6
"2362",1238,"V49",280,6
"2372",1236,"V49",280,6
"2382",1237,"V49",280,6
"2392",1235,"V49",280,6
"2402",1234,"V49",280,6
"2413",1242,"V49",285,5
"2422",1243,"V49",285,5
"2432",1244,"V49",285,5
"2442",1241,"V49",285,5
"2452",1240,"V49",285,5
"2462",1247,"V49",288,3
"2472",1245,"V49",288,3
"2482",1246,"V49",288,3
"2492",1248,"V49",291,3
"2502",1249,"V49",291,3
"2513",1250,"V49",291,3
"2522",1255,"V49",301,6
"2532",1256,"V49",301,6
"2542",1253,"V49",301,6
"2552",1254,"V49",301,6
"2562",1251,"V49",301,6
"2572",1252,"V49",301,6
"2582",1262,"V49",307,6
"2592",1261,"V49",307,6
"2602",1259,"V49",307,6
"2613",1260,"V49",307,6
"2622",1257,"V49",307,6
"2632",1258,"V49",307,6
"2642",1268,"V49",319,8
"2652",1269,"V49",319,8
"2662",1270,"V49",319,8
"2672",1267,"V49",319,8
"2682",1265,"V49",319,8
"2692",1266,"V49",319,8
"2702",1264,"V49",319,8
"2713",1263,"V49",319,8
"2722",1278,"V49",330,9
"2732",1279,"V49",330,9
"2742",1277,"V49",330,9
"2752",1275,"V49",330,9
"2762",1276,"V49",330,9
"2772",1274,"V49",330,9
"2782",1272,"V49",330,9
"2792",1273,"V49",330,9
"2802",1271,"V49",330,9
"2813",1288,"V49",339,9
"2822",1287,"V49",339,9
"2832",1286,"V49",339,9
"2842",1285,"V49",339,9
"2852",1284,"V49",339,9
"2862",1282,"V49",339,9
"2872",1283,"V49",339,9
"2882",1280,"V49",339,9
"2892",1281,"V49",339,9
"2902",1295,"V49",346,7
"2913",1292,"V49",346,7
"2922",1293,"V49",346,7
"2932",1294,"V49",346,7
"2942",1291,"V49",346,7
"2952",1290,"V49",346,7
"2962",1289,"V49",346,7
"2972",1304,"V49",355,9
"2982",1302,"V49",355,9
"2992",1303,"V49",355,9
"3002",1300,"V49",355,9
"3013",1301,"V49",355,9
"3022",1299,"V49",355,9
"3032",1298,"V49",355,9
"3042",1296,"V49",355,9
"3052",1297,"V49",355,9
"3062",1312,"V49",364,9
"3072",1313,"V49",364,9
"3082",1310,"V49",364,9
"3092",1311,"V49",364,9
"3103",1308,"V49",364,9
"3113",1309,"V49",364,9
"3122",1307,"V49",364,9
"3132",1306,"V49",364,9
"3142",1305,"V49",364,9
"3152",1322,"V49",376,10
"3162",1323,"V49",376,10
"3172",1321,"V49",376,10
"3182",1319,"V49",376,10
"3192",1320,"V49",376,10
"3202",1318,"V49",376,10
"3213",1317,"V49",376,10
"3222",1315,"V49",376,10
"3232",1316,"V49",376,10
"3242",1314,"V49",376,10
"3252",1333,"V49",395,13
"3262",1334,"V49",395,13
"3272",1335,"V49",395,13
"3282",1336,"V49",395,13
"3292",1331,"V49",395,13
"3302",1332,"V49",395,13
"3313",1329,"V49",395,13
"3322",1330,"V49",395,13
"3332",1327,"V49",395,13
"3342",1328,"V49",395,13
"3352",1326,"V49",395,13
"3362",1325,"V49",395,13
"3372",1324,"V49",395,13
"3382",1351,"V49",417,16
"3392",1352,"V49",417,16
"3402",1350,"V49",417,16
"3413",1348,"V49",417,16
"3422",1349,"V49",417,16
"3432",1345,"V49",417,16
"3442",1346,"V49",417,16
"3452",1347,"V49",417,16
"3462",1343,"V49",417,16
"3472",1344,"V49",417,16
"3482",1341,"V49",417,16
"3492",1342,"V49",417,16
"3502",1339,"V49",417,16
"3513",1340,"V49",417,16
"3522",1338,"V49",417,16
"3532",1337,"V49",417,16
"3542",1369,"V49",436,17
"3552",1368,"V49",436,17
"3562",1367,"V49",436,17
"3572",1366,"V49",436,17
"3582",1364,"V49",436,17
"3592",1365,"V49",436,17
"3602",1361,"V49",436,17
"3613",1362,"V49",436,17
"3622",1363,"V49",436,17
"3632",1360,"V49",436,17
"3642",1359,"V49",436,17
"3652",1358,"V49",436,17
"3662",1356,"V49",436,17
"3672",1357,"V49",436,17
"3682",1354,"V49",436,17
"3692",1355,"V49",436,17
"3702",1353,"V49",436,17
"3713",1383,"V49",450,14
"3722",1382,"V49",450,14
"3732",1381,"V49",450,14
"3742",1378,"V49",450,14
"3752",1379,"V49",450,14
"3762",1380,"V49",450,14
"3772",1375,"V49",450,14
"3782",1376,"V49",450,14
"3792",1377,"V49",450,14
"3802",1374,"V49",450,14
"3813",1373,"V49",450,14
"3822",1371,"V49",450,14
"3832",1372,"V49",450,14
"3842",1370,"V49",450,14
"3852",1397,"V49",465,15
"3862",1398,"V49",465,15
"3872",1396,"V49",465,15
"3882",1394,"V49",465,15
"3892",1395,"V49",465,15
"3902",1393,"V49",465,15
"3913",1392,"V49",465,15
"3922",1391,"V49",465,15
"3932",1389,"V49",465,15
"3942",1390,"V49",465,15
"3952",1388,"V49",465,15
"3962",1387,"V49",465,15
"3972",1386,"V49",465,15
"3982",1384,"V49",465,15
"3992",1385,"V49",465,15
"4002",1414,"V49",481,16
"4013",1413,"V49",481,16
"4022",1411,"V49",481,16
"4032",1412,"V49",481,16
"4042",1408,"V49",481,16
"4052",1409,"V49",481,16
"4062",1410,"V49",481,16
"4072",1407,"V49",481,16
"4082",1406,"V49",481,16
"4092",1405,"V49",481,16
"4103",1403,"V49",481,16
"4113",1404,"V49",481,16
"4122",1402,"V49",481,16
"4132",1400,"V49",481,16
"4142",1401,"V49",481,16
"4152",1399,"V49",481,16
"4162",1430,"V49",497,16
"4172",1429,"V49",497,16
"4182",1428,"V49",497,16
"4192",1427,"V49",497,16
"4202",1426,"V49",497,16
"4213",1425,"V49",497,16
"4222",1422,"V49",497,16
"4232",1423,"V49",497,16
"4242",1424,"V49",497,16
"4252",1420,"V49",497,16
"4262",1421,"V49",497,16
"4272",1419,"V49",497,16
"4282",1418,"V49",497,16
"4292",1417,"V49",497,16
"4302",1416,"V49",497,16
"4313",1415,"V49",497,16
"4322",1446,"V49",513,16
"4332",1445,"V49",513,16
"4342",1443,"V49",513,16
"4352",1444,"V49",513,16
"4362",1442,"V49",513,16
"4372",1439,"V49",513,16
"4382",1440,"V49",513,16
"4392",1441,"V49",513,16
"4402",1438,"V49",513,16
"4413",1437,"V49",513,16
"4422",1435,"V49",513,16
"4432",1436,"V49",513,16
"4442",1433,"V49",513,16
"4452",1434,"V49",513,16
"4462",1431,"V49",513,16
"4472",1432,"V49",513,16
"4482",1462,"V49",529,16
"4492",1460,"V49",529,16
"4502",1461,"V49",529,16
"4513",1458,"V49",529,16
"4522",1459,"V49",529,16
"4532",1456,"V49",529,16
"4542",1457,"V49",529,16
"4552",1454,"V49",529,16
"4562",1455,"V49",529,16
"4572",1450,"V49",529,16
"4582",1451,"V49",529,16
"4592",1452,"V49",529,16
"4602",1453,"V49",529,16
"4613",1449,"V49",529,16
"4622",1447,"V49",529,16
"4632",1448,"V49",529,16
"4642",1475,"V49",542,13
"4652",1473,"V49",542,13
"4662",1474,"V49",542,13
"4672",1472,"V49",542,13
"4682",1470,"V49",542,13
"4692",1471,"V49",542,13
"4702",1469,"V49",542,13
"4713",1468,"V49",542,13
"4722",1467,"V49",542,13
"4732",1466,"V49",542,13
"4742",1465,"V49",542,13
"4752",1463,"V49",542,13
"4762",1464,"V49",542,13
"4772",1487,"V49",556,14
"4782",1488,"V49",556,14
"4792",1489,"V49",556,14
"4802",1485,"V49",556,14
"4813",1486,"V49",556,14
"4822",1484,"V49",556,14
"4832",1483,"V49",556,14
"4842",1481,"V49",556,14
"4852",1482,"V49",556,14
"4862",1480,"V49",556,14
"4872",1479,"V49",556,14
"4882",1477,"V49",556,14
"4892",1478,"V49",556,14
"4902",1476,"V49",556,14
"4913",1502,"V49",570,14
"4922",1503,"V49",570,14
"4932",1501,"V49",570,14
"4942",1499,"V49",570,14
"4952",1500,"V49",570,14
"4962",1498,"V49",570,14
"4972",1495,"V49",570,14
"4982",1496,"V49",570,14
"4992",1497,"V49",570,14
"5002",1494,"V49",570,14
"5013",1493,"V49",570,14
"5022",1491,"V49",570,14
"5032",1492,"V49",570,14
"5042",1490,"V49",570,14
"5052",1518,"V49",585,15
"5062",1515,"V49",585,15
"5072",1516,"V49",585,15
"5082",1517,"V49",585,15
"5092",1514,"V49",585,15
"5103",1513,"V49",585,15
"5113",1512,"V49",585,15
"5122",1508,"V49",585,15
"5132",1509,"V49",585,15
"5142",1510,"V49",585,15
"5152",1511,"V49",585,15
"5162",1507,"V49",585,15
"5172",1505,"V49",585,15
"5182",1506,"V49",585,15
"5192",1504,"V49",585,15
"5202",1531,"V49",599,14
"5213",1532,"V49",599,14
"5222",1530,"V49",599,14
"5232",1528,"V49",599,14
"5242",1529,"V49",599,14
"5252",1527,"V49",599,14
"5262",1525,"V49",599,14
"5272",1526,"V49",599,14
"5282",1523,"V49",599,14
"5292",1524,"V49",599,14
"5302",1522,"V49",599,14
"5313",1521,"V49",599,14
"5322",1520,"V49",599,14
"5332",1519,"V49",599,14
"5342",1537,"V49",606,7
"5352",1538,"V49",606,7
"5362",1539,"V49",606,7
"5372",1536,"V49",606,7
"5382",1535,"V49",606,7
"5392",1533,"V49",606,7
"5402",1534,"V49",606,7
"5413",1548,"V49",616,10
"5422",1549,"V49",616,10
"5432",1546,"V49",616,10
"5442",1547,"V49",616,10
"5452",1545,"V49",616,10
"5462",1543,"V49",616,10
"5472",1544,"V49",616,10
"5482",1540,"V49",616,10
"5492",1541,"V49",616,10
"5502",1542,"V49",616,10
"5513",1558,"V49",626,10
"5522",1559,"V49",626,10
"5532",1557,"V49",626,10
"5542",1556,"V49",626,10
"5552",1554,"V49",626,10
"5562",1555,"V49",626,10
"5572",1553,"V49",626,10
"5582",1552,"V49",626,10
"5592",1551,"V49",626,10
"5602",1550,"V49",626,10
"5613",1569,"V49",637,11
"5622",1570,"V49",637,11
"5632",1568,"V49",637,11
"5642",1567,"V49",637,11
"5652",1565,"V49",637,11
"5662",1566,"V49",637,11
"5672",1564,"V49",637,11
"5682",1562,"V49",637,11
"5692",1563,"V49",637,11
"5702",1560,"V49",637,11
"5713",1561,"V49",637,11
"5722",1578,"V49",645,8
"5732",1576,"V49",645,8
"5742",1577,"V49",645,8
"5752",1574,"V49",645,8
"5762",1575,"V49",645,8
"5772",1573,"V49",645,8
"5782",1572,"V49",645,8
"5792",1571,"V49",645,8
"5802",1588,"V49",655,10
"5813",1587,"V49",655,10
"5822",1586,"V49",655,10
"5832",1583,"V49",655,10
"5842",1584,"V49",655,10
"5852",1585,"V49",655,10
"5862",1582,"V49",655,10
"5872",1581,"V49",655,10
"5882",1579,"V49",655,10
"5892",1580,"V49",655,10
"5902",1597,"V49",664,9
"5913",1595,"V49",664,9
"5922",1596,"V49",664,9
"5932",1593,"V49",664,9
"5942",1594,"V49",664,9
"5952",1590,"V49",664,9
"5962",1591,"V49",664,9
"5972",1592,"V49",664,9
"5982",1589,"V49",664,9
"5992",1605,"V49",673,9
"6002",1606,"V49",673,9
"6013",1604,"V49",673,9
"6022",1601,"V49",673,9
"6032",1602,"V49",673,9
"6042",1603,"V49",673,9
"6052",1599,"V49",673,9
"6062",1600,"V49",673,9
"6072",1598,"V49",673,9
"6082",1612,"V49",680,7
"6092",1613,"V49",680,7
"6103",1611,"V49",680,7
"6113",1610,"V49",680,7
"6122",1609,"V49",680,7
"6132",1608,"V49",680,7
"6142",1607,"V49",680,7
"6152",1624,"V49",691,11
"6162",1620,"V49",691,11
"6172",1621,"V49",691,11
"6182",1622,"V49",691,11
"6192",1623,"V49",691,11
"6202",1619,"V49",691,11
"6213",1616,"V49",691,11
"6222",1617,"V49",691,11
"6232",1618,"V49",691,11
"6242",1615,"V49",691,11
"6252",1614,"V49",691,11
"6262",1638,"V49",705,14
"6272",1637,"V49",705,14
"6282",1636,"V49",705,14
"6292",1634,"V49",705,14
"6302",1635,"V49",705,14
"6313",1633,"V49",705,14
"6322",1632,"V49",705,14
"6332",1630,"V49",705,14
"6342",1631,"V49",705,14
"6352",1629,"V49",705,14
"6362",1627,"V49",705,14
"6372",1628,"V49",705,14
"6382",1625,"V49",705,14
"6392",1626,"V49",705,14
"6402",1645,"V49",712,7
"6413",1643,"V49",712,7
"6422",1644,"V49",712,7
"6432",1642,"V49",712,7
"6442",1639,"V49",712,7
"6452",1640,"V49",712,7
"6462",1641,"V49",712,7
"6472",1653,"V49",721,9
"6482",1654,"V49",721,9
"6492",1652,"V49",721,9
"6502",1651,"V49",721,9
"6513",1649,"V49",721,9
"6522",1650,"V49",721,9
"6532",1647,"V49",721,9
"6542",1648,"V49",721,9
"6552",1646,"V49",721,9
"6562",1662,"V49",729,8
"6572",1661,"V49",729,8
"6582",1660,"V49",729,8
"6592",1659,"V49",729,8
"6602",1658,"V49",729,8
"6613",1655,"V49",729,8
"6622",1656,"V49",729,8
"6632",1657,"V49",729,8
"6642",1674,"V49",743,14
"6652",1675,"V49",743,14
"6662",1676,"V49",743,14
"6672",1672,"V49",743,14
"6682",1673,"V49",743,14
"6692",1671,"V49",743,14
"6702",1670,"V49",743,14
"6713",1669,"V49",743,14
"6722",1668,"V49",743,14
"6732",1667,"V49",743,14
"6742",1666,"V49",743,14
"6752",1663,"V49",743,14
"6762",1664,"V49",743,14
"6772",1665,"V49",743,14
"6782",1690,"V49",757,14
"6792",1688,"V49",757,14
"6802",1689,"V49",757,14
"6813",1686,"V49",757,14
"6822",1687,"V49",757,14
"6832",1685,"V49",757,14
"6842",1684,"V49",757,14
"6852",1683,"V49",757,14
"6862",1682,"V49",757,14
"6872",1680,"V49",757,14
"6882",1681,"V49",757,14
"6892",1678,"V49",757,14
"6902",1679,"V49",757,14
"6913",1677,"V49",757,14
"6922",1701,"V49",769,12
"6932",1702,"V49",769,12
"6942",1698,"V49",769,12
"6952",1699,"V49",769,12
"6962",1700,"V49",769,12
"6972",1696,"V49",769,12
"6982",1697,"V49",769,12
"6992",1695,"V49",769,12
"7002",1691,"V49",769,12
"7013",1692,"V49",769,12
"7022",1693,"V49",769,12
"7032",1694,"V49",769,12
"7042",1711,"V49",778,9
"7052",1708,"V49",778,9
"7062",1709,"V49",778,9
"7072",1710,"V49",778,9
"7082",1706,"V49",778,9
"7092",1707,"V49",778,9
"7103",1705,"V49",778,9
"7113",1704,"V49",778,9
"7122",1703,"V49",778,9
"7132",1720,"V49",787,9
"7142",1718,"V49",787,9
"7152",1719,"V49",787,9
"7162",1717,"V49",787,9
"7172",1716,"V49",787,9
"7182",1715,"V49",787,9
"7192",1714,"V49",787,9
"7202",1712,"V49",787,9
"7213",1713,"V49",787,9
"7222",1732,"V49",799,12
"7232",1731,"V49",799,12
"7242",1729,"V49",799,12
"7252",1730,"V49",799,12
"7262",1726,"V49",799,12
"7272",1727,"V49",799,12
"7282",1728,"V49",799,12
"7292",1725,"V49",799,12
"7302",1724,"V49",799,12
"7313",1723,"V49",799,12
"7322",1722,"V49",799,12
"7332",1721,"V49",799,12
"7342",1743,"V49",810,11
"7352",1742,"V49",810,11
"7362",1741,"V49",810,11
"7372",1739,"V49",810,11
"7382",1740,"V49",810,11
"7392",1738,"V49",810,11
"7402",1736,"V49",810,11
"7413",1737,"V49",810,11
"7422",1735,"V49",810,11
"7432",1733,"V49",810,11
"7442",1734,"V49",810,11
"7452",1752,"V49",819,9
"7462",1750,"V49",819,9
"7472",1751,"V49",819,9
"7482",1748,"V49",819,9
"7492",1749,"V49",819,9
"7502",1747,"V49",819,9
"7513",1744,"V49",819,9
"7522",1745,"V49",819,9
"7532",1746,"V49",819,9
"7542",1758,"V49",827,8
"7552",1759,"V49",827,8
"7562",1760,"V49",827,8
"7572",1756,"V49",827,8
"7582",1757,"V49",827,8
"7592",1754,"V49",827,8
"7602",1755,"V49",827,8
"7613",1753,"V49",827,8
"7622",1765,"V49",833,6
"7632",1766,"V49",833,6
"7642",1763,"V49",833,6
"7652",1764,"V49",833,6
"7662",1761,"V49",833,6
"7672",1762,"V49",833,6
"7682",1775,"V49",842,9
"7692",1771,"V49",842,9
"7702",1772,"V49",842,9
"7713",1773,"V49",842,9
"7722",1774,"V49",842,9
"7732",1770,"V49",842,9
"7742",1767,"V49",842,9
"7752",1768,"V49",842,9
"7762",1769,"V49",842,9
"7772",1781,"V49",849,7
"7782",1782,"V49",849,7
"7792",1779,"V49",849,7
"7802",1780,"V49",849,7
"7813",1777,"V49",849,7
"7822",1778,"V49",849,7
"7832",1776,"V49",849,7
"7842",1789,"V49",857,8
"7852",1790,"V49",857,8
"7862",1787,"V49",857,8
"7872",1788,"V49",857,8
"7882",1785,"V49",857,8
"7892",1786,"V49",857,8
"7902",1784,"V49",857,8
"7913",1783,"V49",857,8
"7922",1798,"V49",865,8
"7932",1797,"V49",865,8
"7942",1796,"V49",865,8
"7952",1793,"V49",865,8
"7962",1794,"V49",865,8
"7972",1795,"V49",865,8
"7982",1792,"V49",865,8
"7992",1791,"V49",865,8
"8002",1801,"V49",871,6
"8013",1802,"V49",871,6
"8022",1803,"V49",871,6
"8032",1804,"V49",871,6
"8042",1799,"V49",871,6
"8052",1800,"V49",871,6
"8062",1812,"V49",879,8
"8072",1811,"V49",879,8
"8082",1810,"V49",879,8
"8092",1809,"V49",879,8
"8103",1807,"V49",879,8
"8113",1808,"V49",879,8
"8122",1806,"V49",879,8
"8132",1805,"V49",879,8
"8142",1821,"V49",888,9
"8152",1819,"V49",888,9
"8162",1820,"V49",888,9
"8172",1818,"V49",888,9
"8182",1817,"V49",888,9
"8192",1815,"V49",888,9
"8202",1816,"V49",888,9
"8213",1813,"V49",888,9
"8222",1814,"V49",888,9
"8232",1832,"V49",899,11
"8242",1829,"V49",899,11
"8252",1830,"V49",899,11
"8262",1831,"V49",899,11
"8272",1828,"V49",899,11
"8282",1827,"V49",899,11
"8292",1825,"V49",899,11
"8302",1826,"V49",899,11
"8313",1822,"V49",899,11
"8322",1823,"V49",899,11
"8332",1824,"V49",899,11
"8342",1838,"V49",907,8
"8352",1839,"V49",907,8
"8362",1840,"V49",907,8
"8372",1836,"V49",907,8
"8382",1837,"V49",907,8
"8392",1834,"V49",907,8
"8402",1835,"V49",907,8
"8413",1833,"V49",907,8
"8422",1845,"V49",915,7
"8432",1846,"V49",915,7
"8442",1847,"V49",915,7
"8452",1841,"V49",915,7
"8462",1842,"V49",915,7
"8472",1843,"V49",915,7
"8482",1844,"V49",915,7
"8492",1854,"V49",922,7
"8502",1853,"V49",922,7
"8513",1852,"V49",922,7
"8522",1851,"V49",922,7
"8532",1850,"V49",922,7
"8542",1849,"V49",922,7
"8552",1848,"V49",922,7
"8562",1860,"V49",928,6
"8572",1857,"V49",928,6
"8582",1858,"V49",928,6
"8592",1859,"V49",928,6
"8602",1855,"V49",928,6
"8613",1856,"V49",928,6
"8622",1865,"V49",933,5
"8632",1864,"V49",933,5
"8642",1863,"V49",933,5
"8652",1861,"V49",933,5
"8662",1862,"V49",933,5
"8672",1873,"V49",947,9
"8682",1874,"V49",947,9
"8692",1872,"V49",947,9
"8702",1869,"V49",947,9
"8713",1870,"V49",947,9
"8722",1871,"V49",947,9
"8732",1868,"V49",947,9
"8742",1866,"V49",947,9
"8752",1867,"V49",947,9
"8762",1883,"V49",956,9
"8772",1882,"V49",956,9
"8782",1881,"V49",956,9
"8792",1879,"V49",956,9
"8802",1880,"V49",956,9
"8813",1878,"V49",956,9
"8822",1877,"V49",956,9
"8832",1876,"V49",956,9
"8842",1875,"V49",956,9
"8852",1892,"V49",965,9
"8862",1890,"V49",965,9
"8872",1891,"V49",965,9
"8882",1889,"V49",965,9
"8892",1888,"V49",965,9
"8902",1887,"V49",965,9
"8913",1886,"V49",965,9
"8922",1884,"V49",965,9
"8932",1885,"V49",965,9
"8942",1899,"V49",972,7
"8952",1898,"V49",972,7
"8962",1897,"V49",972,7
"8972",1896,"V49",972,7
"8982",1894,"V49",972,7
"8992",1895,"V49",972,7
"9002",1893,"V49",972,7
"9013",1900,"V49",975,3
"9022",1901,"V49",975,3
"9032",1902,"V49",975,3
"9042",1904,"V49",978,3
"9052",1905,"V49",978,3
"9062",1903,"V49",978,3
"9072",1908,"V49",981,3
"9082",1906,"V49",981,3
"9092",1907,"V49",981,3
"9102",1910,"V49",983,2
"9113",1909,"V49",983,2
"9122",1911,"V49",986,3
"9132",1912,"V49",986,3
"9142",1913,"V49",986,3
"9152",1916,"V49",992,4
"9162",1917,"V49",992,4
"9172",1915,"V49",992,4
"9182",1914,"V49",992,4
"9192",1920,"V49",995,3
"9202",1919,"V49",995,3
"9213",1918,"V49",995,3
"9222",1924,"V49",999,4
"9232",1921,"V49",999,4
"9242",1922,"V49",999,4
"9252",1923,"V49",999,4
"2104",1001,"V7",5,1
"3104",1002,"V7",10,2
"4104",1003,"V7",10,2
"5104",1005,"V7",12,2
"6104",1004,"V7",12,2
"7104",1006,"V7",13,1
"8104",1007,"V7",14,1
"938",1008,"V7",23,3
"1014",1009,"V7",23,3
"1114",1010,"V7",23,3
"1214",1012,"V7",26,3
"1314",1013,"V7",26,3
"1414",1011,"V7",26,3
"1514",1014,"V7",28,2
"1614",1015,"V7",28,2
"1714",1016,"V7",30,2
"1814",1017,"V7",30,2
"1914",1018,"V7",32,2
"2014",1019,"V7",32,2
"2114",1021,"V7",35,3
"2214",1022,"V7",35,3
"2314",1020,"V7",35,3
"2414",1024,"V7",38,3
"2514",1025,"V7",38,3
"2614",1023,"V7",38,3
"2714",1028,"V7",41,3
"2814",1027,"V7",41,3
"2914",1026,"V7",41,3
"3014",1029,"V7",43,2
"3114",1030,"V7",43,2
"3214",1031,"V7",48,2
"3314",1032,"V7",48,2
"3414",1034,"V7",50,2
"3514",1033,"V7",50,2
"3614",1035,"V7",51,1
"3714",1036,"V7",61,4
"3814",1037,"V7",61,4
"3914",1038,"V7",61,4
"4014",1039,"V7",61,4
"4114",1043,"V7",65,4
"4214",1042,"V7",65,4
"4314",1041,"V7",65,4
"4414",1040,"V7",65,4
"4514",1046,"V7",68,3
"4614",1045,"V7",68,3
"4714",1044,"V7",68,3
"4814",1047,"V7",70,2
"4914",1048,"V7",70,2
"5014",1050,"V7",72,2
"5114",1049,"V7",72,2
"5214",1051,"V7",73,1
"5314",1052,"V7",74,1
"5414",1053,"V7",79,2
"5514",1054,"V7",79,2
"5614",1057,"V7",93,5
"5714",1058,"V7",93,5
"5814",1059,"V7",93,5
"5914",1055,"V7",93,5
"6014",1056,"V7",93,5
"6114",1062,"V7",102,6
"6214",1063,"V7",102,6
"6314",1064,"V7",102,6
"6414",1065,"V7",102,6
"6514",1061,"V7",102,6
"6614",1060,"V7",102,6
"6714",1072,"V7",112,7
"6814",1071,"V7",112,7
"6914",1070,"V7",112,7
"7014",1069,"V7",112,7
"7114",1066,"V7",112,7
"7214",1067,"V7",112,7
"7314",1068,"V7",112,7
"7414",1075,"V7",115,3
"7514",1073,"V7",115,3
"7614",1074,"V7",115,3
"7714",1080,"V7",121,6
"7814",1081,"V7",121,6
"7914",1076,"V7",121,6
"8014",1077,"V7",121,6
"8114",1078,"V7",121,6
"8214",1079,"V7",121,6
"8314",1085,"V7",125,4
"8414",1084,"V7",125,4
"8514",1082,"V7",125,4
"8614",1083,"V7",125,4
"8714",1090,"V7",130,5
"8814",1089,"V7",130,5
"8914",1088,"V7",130,5
"9014",1086,"V7",130,5
"9114",1087,"V7",130,5
"9214",1095,"V7",137,7
"939",1096,"V7",137,7
"943",1097,"V7",137,7
"953",1094,"V7",137,7
"963",1091,"V7",137,7
"973",1092,"V7",137,7
"983",1093,"V7",137,7
"993",1102,"V7",142,5
"1003",1101,"V7",142,5
"1015",1098,"V7",142,5
"1023",1099,"V7",142,5
"1033",1100,"V7",142,5
"1043",1106,"V7",147,5
"1053",1107,"V7",147,5
"1063",1103,"V7",147,5
"1073",1104,"V7",147,5
"1083",1105,"V7",147,5
"1093",1114,"V7",162,8
"1103",1115,"V7",162,8
"1115",1112,"V7",162,8
"1123",1113,"V7",162,8
"1133",1108,"V7",162,8
"1143",1109,"V7",162,8
"1153",1110,"V7",162,8
"1163",1111,"V7",162,8
"1173",1120,"V7",168,6
"1183",1121,"V7",168,6
"1193",1118,"V7",168,6
"1203",1119,"V7",168,6
"1215",1116,"V7",168,6
"1223",1117,"V7",168,6
"1233",1127,"V7",175,7
"1243",1128,"V7",175,7
"1253",1125,"V7",175,7
"1263",1126,"V7",175,7
"1273",1123,"V7",175,7
"1283",1124,"V7",175,7
"1293",1122,"V7",175,7
"1303",1136,"V7",183,8
"1315",1134,"V7",183,8
"1323",1135,"V7",183,8
"1333",1131,"V7",183,8
"1343",1132,"V7",183,8
"1353",1133,"V7",183,8
"1363",1130,"V7",183,8
"1373",1129,"V7",183,8
"1383",1141,"V7",188,5
"1393",1139,"V7",188,5
"1403",1140,"V7",188,5
"1415",1138,"V7",188,5
"1423",1137,"V7",188,5
"1433",1146,"V7",194,6
"1443",1147,"V7",194,6
"1453",1145,"V7",194,6
"1463",1143,"V7",194,6
"1473",1144,"V7",194,6
"1483",1142,"V7",194,6
"1493",1154,"V7",201,7
"1503",1153,"V7",201,7
"1515",1152,"V7",201,7
"1523",1150,"V7",201,7
"1533",1151,"V7",201,7
"1543",1148,"V7",201,7
"1553",1149,"V7",201,7
"1563",1160,"V7",207,6
"1573",1157,"V7",207,6
"1583",1158,"V7",207,6
"1593",1159,"V7",207,6
"1603",1156,"V7",207,6
"1615",1155,"V7",207,6
"1623",1163,"V7",210,3
"1633",1162,"V7",210,3
"1643",1161,"V7",210,3
"1653",1167,"V7",216,6
"1663",1168,"V7",216,6
"1673",1169,"V7",216,6
"1683",1165,"V7",216,6
"1693",1166,"V7",216,6
"1703",1164,"V7",216,6
"1715",1175,"V7",222,6
"1723",1174,"V7",222,6
"1733",1173,"V7",222,6
"1743",1171,"V7",222,6
"1753",1172,"V7",222,6
"1763",1170,"V7",222,6
"1773",1183,"V7",230,8
"1783",1180,"V7",230,8
"1793",1181,"V7",230,8
"1803",1182,"V7",230,8
"1815",1179,"V7",230,8
"1823",1178,"V7",230,8
"1833",1177,"V7",230,8
"1843",1176,"V7",230,8
"1853",1187,"V7",235,5
"1863",1188,"V7",235,5
"1873",1186,"V7",235,5
"1883",1185,"V7",235,5
"1893",1184,"V7",235,5
"1903",1195,"V7",243,8
"1915",1196,"V7",243,8
"1923",1194,"V7",243,8
"1933",1193,"V7",243,8
"1943",1190,"V7",243,8
"1953",1191,"V7",243,8
"1963",1192,"V7",243,8
"1973",1189,"V7",243,8
"1983",1199,"V7",246,3
"1993",1197,"V7",246,3
"2003",1198,"V7",246,3
"2015",1202,"V7",254,7
"2023",1203,"V7",254,7
"2033",1204,"V7",254,7
"2043",1205,"V7",254,7
"2053",1206,"V7",254,7
"2063",1200,"V7",254,7
"2073",1201,"V7",254,7
"2083",1212,"V7",261,7
"2093",1213,"V7",261,7
"2105",1210,"V7",261,7
"2115",1211,"V7",261,7
"2123",1209,"V7",261,7
"2133",1208,"V7",261,7
"2143",1207,"V7",261,7
"2153",1219,"V7",267,6
"2163",1217,"V7",267,6
"2173",1218,"V7",267,6
"2183",1214,"V7",267,6
"2193",1215,"V7",267,6
"2203",1216,"V7",267,6
"2215",1226,"V7",274,7
"2223",1224,"V7",274,7
"2233",1225,"V7",274,7
"2243",1223,"V7",274,7
"2253",1222,"V7",274,7
"2263",1220,"V7",274,7
"2273",1221,"V7",274,7
"2283",1233,"V7",281,7
"2293",1232,"V7",281,7
"2303",1230,"V7",281,7
"2315",1231,"V7",281,7
"2323",1228,"V7",281,7
"2333",1229,"V7",281,7
"2343",1227,"V7",281,7
"2353",1239,"V7",287,6
"2363",1238,"V7",287,6
"2373",1236,"V7",287,6
"2383",1237,"V7",287,6
"2393",1235,"V7",287,6
"2403",1234,"V7",287,6
"2415",1242,"V7",292,5
"2423",1243,"V7",292,5
"2433",1244,"V7",292,5
"2443",1241,"V7",292,5
"2453",1240,"V7",292,5
"2463",1248,"V7",298,6
"2473",1249,"V7",298,6
"2483",1250,"V7",298,6
"2493",1247,"V7",298,6
"2503",1245,"V7",298,6
"2515",1246,"V7",298,6
"2523",1255,"V7",307,6
"2533",1256,"V7",307,6
"2543",1253,"V7",307,6
"2553",1254,"V7",307,6
"2563",1251,"V7",307,6
"2573",1252,"V7",307,6
"2583",1262,"V7",313,6
"2593",1261,"V7",313,6
"2603",1259,"V7",313,6
"2615",1260,"V7",313,6
"2623",1257,"V7",313,6
"2633",1258,"V7",313,6
"2643",1268,"V7",327,8
"2653",1269,"V7",327,8
"2663",1270,"V7",327,8
"2673",1267,"V7",327,8
"2683",1265,"V7",327,8
"2693",1266,"V7",327,8
"2703",1264,"V7",327,8
"2715",1263,"V7",327,8
"2723",1278,"V7",339,9
"2733",1279,"V7",339,9
"2743",1277,"V7",339,9
"2753",1275,"V7",339,9
"2763",1276,"V7",339,9
"2773",1274,"V7",339,9
"2783",1272,"V7",339,9
"2793",1273,"V7",339,9
"2803",1271,"V7",339,9
"2815",1288,"V7",348,9
"2823",1287,"V7",348,9
"2833",1286,"V7",348,9
"2843",1285,"V7",348,9
"2853",1284,"V7",348,9
"2863",1282,"V7",348,9
"2873",1283,"V7",348,9
"2883",1280,"V7",348,9
"2893",1281,"V7",348,9
"2903",1295,"V7",355,7
"2915",1292,"V7",355,7
"2923",1293,"V7",355,7
"2933",1294,"V7",355,7
"2943",1291,"V7",355,7
"2953",1290,"V7",355,7
"2963",1289,"V7",355,7
"2973",1304,"V7",364,9
"2983",1302,"V7",364,9
"2993",1303,"V7",364,9
"3003",1300,"V7",364,9
"3015",1301,"V7",364,9
"3023",1299,"V7",364,9
"3033",1298,"V7",364,9
"3043",1296,"V7",364,9
"3053",1297,"V7",364,9
"3063",1312,"V7",373,9
"3073",1313,"V7",373,9
"3083",1310,"V7",373,9
"3093",1311,"V7",373,9
"3105",1308,"V7",373,9
"3115",1309,"V7",373,9
"3123",1307,"V7",373,9
"3133",1306,"V7",373,9
"3143",1305,"V7",373,9
"3153",1322,"V7",386,10
"3163",1323,"V7",386,10
"3173",1321,"V7",386,10
"3183",1319,"V7",386,10
"3193",1320,"V7",386,10
"3203",1318,"V7",386,10
"3215",1317,"V7",386,10
"3223",1315,"V7",386,10
"3233",1316,"V7",386,10
"3243",1314,"V7",386,10
"3253",1333,"V7",408,13
"3263",1334,"V7",408,13
"3273",1335,"V7",408,13
"3283",1336,"V7",408,13
"3293",1331,"V7",408,13
"3303",1332,"V7",408,13
"3315",1329,"V7",408,13
"3323",1330,"V7",408,13
"3333",1327,"V7",408,13
"3343",1328,"V7",408,13
"3353",1326,"V7",408,13
"3363",1325,"V7",408,13
"3373",1324,"V7",408,13
"3383",1351,"V7",433,16
"3393",1352,"V7",433,16
"3403",1350,"V7",433,16
"3415",1348,"V7",433,16
"3423",1349,"V7",433,16
"3433",1345,"V7",433,16
"3443",1346,"V7",433,16
"3453",1347,"V7",433,16
"3463",1343,"V7",433,16
"3473",1344,"V7",433,16
"3483",1341,"V7",433,16
"3493",1342,"V7",433,16
"3503",1339,"V7",433,16
"3515",1340,"V7",433,16
"3523",1338,"V7",433,16
"3533",1337,"V7",433,16
"3543",1369,"V7",453,17
"3553",1368,"V7",453,17
"3563",1367,"V7",453,17
"3573",1366,"V7",453,17
"3583",1364,"V7",453,17
"3593",1365,"V7",453,17
"3603",1361,"V7",453,17
"3615",1362,"V7",453,17
"3623",1363,"V7",453,17
"3633",1360,"V7",453,17
"3643",1359,"V7",453,17
"3653",1358,"V7",453,17
"3663",1356,"V7",453,17
"3673",1357,"V7",453,17
"3683",1354,"V7",453,17
"3693",1355,"V7",453,17
"3703",1353,"V7",453,17
"3715",1383,"V7",467,14
"3723",1382,"V7",467,14
"3733",1381,"V7",467,14
"3743",1378,"V7",467,14
"3753",1379,"V7",467,14
"3763",1380,"V7",467,14
"3773",1375,"V7",467,14
"3783",1376,"V7",467,14
"3793",1377,"V7",467,14
"3803",1374,"V7",467,14
"3815",1373,"V7",467,14
"3823",1371,"V7",467,14
"3833",1372,"V7",467,14
"3843",1370,"V7",467,14
"3853",1397,"V7",482,15
"3863",1398,"V7",482,15
"3873",1396,"V7",482,15
"3883",1394,"V7",482,15
"3893",1395,"V7",482,15
"3903",1393,"V7",482,15
"3915",1392,"V7",482,15
"3923",1391,"V7",482,15
"3933",1389,"V7",482,15
"3943",1390,"V7",482,15
"3953",1388,"V7",482,15
"3963",1387,"V7",482,15
"3973",1386,"V7",482,15
"3983",1384,"V7",482,15
"3993",1385,"V7",482,15
"4003",1414,"V7",498,16
"4015",1413,"V7",498,16
"4023",1411,"V7",498,16
"4033",1412,"V7",498,16
"4043",1408,"V7",498,16
"4053",1409,"V7",498,16
"4063",1410,"V7",498,16
"4073",1407,"V7",498,16
"4083",1406,"V7",498,16
"4093",1405,"V7",498,16
"4105",1403,"V7",498,16
"4115",1404,"V7",498,16
"4123",1402,"V7",498,16
"4133",1400,"V7",498,16
"4143",1401,"V7",498,16
"4153",1399,"V7",498,16
"4163",1430,"V7",514,16
"4173",1429,"V7",514,16
"4183",1428,"V7",514,16
"4193",1427,"V7",514,16
"4203",1426,"V7",514,16
"4215",1425,"V7",514,16
"4223",1422,"V7",514,16
"4233",1423,"V7",514,16
"4243",1424,"V7",514,16
"4253",1420,"V7",514,16
"4263",1421,"V7",514,16
"4273",1419,"V7",514,16
"4283",1418,"V7",514,16
"4293",1417,"V7",514,16
"4303",1416,"V7",514,16
"4315",1415,"V7",514,16
"4323",1446,"V7",530,16
"4333",1445,"V7",530,16
"4343",1443,"V7",530,16
"4353",1444,"V7",530,16
"4363",1442,"V7",530,16
"4373",1439,"V7",530,16
"4383",1440,"V7",530,16
"4393",1441,"V7",530,16
"4403",1438,"V7",530,16
"4415",1437,"V7",530,16
"4423",1435,"V7",530,16
"4433",1436,"V7",530,16
"4443",1433,"V7",530,16
"4453",1434,"V7",530,16
"4463",1431,"V7",530,16
"4473",1432,"V7",530,16
"4483",1462,"V7",546,16
"4493",1460,"V7",546,16
"4503",1461,"V7",546,16
"4515",1458,"V7",546,16
"4523",1459,"V7",546,16
"4533",1456,"V7",546,16
"4543",1457,"V7",546,16
"4553",1454,"V7",546,16
"4563",1455,"V7",546,16
"4573",1450,"V7",546,16
"4583",1451,"V7",546,16
"4593",1452,"V7",546,16
"4603",1453,"V7",546,16
"4615",1449,"V7",546,16
"4623",1447,"V7",546,16
"4633",1448,"V7",546,16
"4643",1475,"V7",559,13
"4653",1473,"V7",559,13
"4663",1474,"V7",559,13
"4673",1472,"V7",559,13
"4683",1470,"V7",559,13
"4693",1471,"V7",559,13
"4703",1469,"V7",559,13
"4715",1468,"V7",559,13
"4723",1467,"V7",559,13
"4733",1466,"V7",559,13
"4743",1465,"V7",559,13
"4753",1463,"V7",559,13
"4763",1464,"V7",559,13
"4773",1487,"V7",573,14
"4783",1488,"V7",573,14
"4793",1489,"V7",573,14
"4803",1485,"V7",573,14
"4815",1486,"V7",573,14
"4823",1484,"V7",573,14
"4833",1483,"V7",573,14
"4843",1481,"V7",573,14
"4853",1482,"V7",573,14
"4863",1480,"V7",573,14
"4873",1479,"V7",573,14
"4883",1477,"V7",573,14
"4893",1478,"V7",573,14
"4903",1476,"V7",573,14
"4915",1502,"V7",587,14
"4923",1503,"V7",587,14
"4933",1501,"V7",587,14
"4943",1499,"V7",587,14
"4953",1500,"V7",587,14
"4963",1498,"V7",587,14
"4973",1495,"V7",587,14
"4983",1496,"V7",587,14
"4993",1497,"V7",587,14
"5003",1494,"V7",587,14
"5015",1493,"V7",587,14
"5023",1491,"V7",587,14
"5033",1492,"V7",587,14
"5043",1490,"V7",587,14
"5053",1518,"V7",602,15
"5063",1515,"V7",602,15
"5073",1516,"V7",602,15
"5083",1517,"V7",602,15
"5093",1514,"V7",602,15
"5105",1513,"V7",602,15
"5115",1512,"V7",602,15
"5123",1508,"V7",602,15
"5133",1509,"V7",602,15
"5143",1510,"V7",602,15
"5153",1511,"V7",602,15
"5163",1507,"V7",602,15
"5173",1505,"V7",602,15
"5183",1506,"V7",602,15
"5193",1504,"V7",602,15
"5203",1531,"V7",616,14
"5215",1532,"V7",616,14
"5223",1530,"V7",616,14
"5233",1528,"V7",616,14
"5243",1529,"V7",616,14
"5253",1527,"V7",616,14
"5263",1525,"V7",616,14
"5273",1526,"V7",616,14
"5283",1523,"V7",616,14
"5293",1524,"V7",616,14
"5303",1522,"V7",616,14
"5315",1521,"V7",616,14
"5323",1520,"V7",616,14
"5333",1519,"V7",616,14
"5343",1548,"V7",633,17
"5353",1549,"V7",633,17
"5363",1546,"V7",633,17
"5373",1547,"V7",633,17
"5383",1545,"V7",633,17
"5393",1543,"V7",633,17
"5403",1544,"V7",633,17
"5415",1540,"V7",633,17
"5423",1541,"V7",633,17
"5433",1542,"V7",633,17
"5443",1537,"V7",633,17
"5453",1538,"V7",633,17
"5463",1539,"V7",633,17
"5473",1536,"V7",633,17
"5483",1535,"V7",633,17
"5493",1533,"V7",633,17
"5503",1534,"V7",633,17
"5515",1558,"V7",643,10
"5523",1559,"V7",643,10
"5533",1557,"V7",643,10
"5543",1556,"V7",643,10
"5553",1554,"V7",643,10
"5563",1555,"V7",643,10
"5573",1553,"V7",643,10
"5583",1552,"V7",643,10
"5593",1551,"V7",643,10
"5603",1550,"V7",643,10
"5615",1569,"V7",654,11
"5623",1570,"V7",654,11
"5633",1568,"V7",654,11
"5643",1567,"V7",654,11
"5653",1565,"V7",654,11
"5663",1566,"V7",654,11
"5673",1564,"V7",654,11
"5683",1562,"V7",654,11
"5693",1563,"V7",654,11
"5703",1560,"V7",654,11
"5715",1561,"V7",654,11
"5723",1578,"V7",662,8
"5733",1576,"V7",662,8
"5743",1577,"V7",662,8
"5753",1574,"V7",662,8
"5763",1575,"V7",662,8
"5773",1573,"V7",662,8
"5783",1572,"V7",662,8
"5793",1571,"V7",662,8
"5803",1588,"V7",672,10
"5815",1587,"V7",672,10
"5823",1586,"V7",672,10
"5833",1583,"V7",672,10
"5843",1584,"V7",672,10
"5853",1585,"V7",672,10
"5863",1582,"V7",672,10
"5873",1581,"V7",672,10
"5883",1579,"V7",672,10
"5893",1580,"V7",672,10
"5903",1597,"V7",681,9
"5915",1595,"V7",681,9
"5923",1596,"V7",681,9
"5933",1593,"V7",681,9
"5943",1594,"V7",681,9
"5953",1590,"V7",681,9
"5963",1591,"V7",681,9
"5973",1592,"V7",681,9
"5983",1589,"V7",681,9
"5993",1612,"V7",697,16
"6003",1613,"V7",697,16
"6015",1611,"V7",697,16
"6023",1610,"V7",697,16
"6033",1609,"V7",697,16
"6043",1608,"V7",697,16
"6053",1607,"V7",697,16
"6063",1605,"V7",697,16
"6073",1606,"V7",697,16
"6083",1604,"V7",697,16
"6093",1601,"V7",697,16
"6105",1602,"V7",697,16
"6115",1603,"V7",697,16
"6123",1599,"V7",697,16
"6133",1600,"V7",697,16
"6143",1598,"V7",697,16
"6153",1624,"V7",708,11
"6163",1620,"V7",708,11
"6173",1621,"V7",708,11
"6183",1622,"V7",708,11
"6193",1623,"V7",708,11
"6203",1619,"V7",708,11
"6215",1616,"V7",708,11
"6223",1617,"V7",708,11
"6233",1618,"V7",708,11
"6243",1615,"V7",708,11
"6253",1614,"V7",708,11
"6263",1638,"V7",722,14
"6273",1637,"V7",722,14
"6283",1636,"V7",722,14
"6293",1634,"V7",722,14
"6303",1635,"V7",722,14
"6315",1633,"V7",722,14
"6323",1632,"V7",722,14
"6333",1630,"V7",722,14
"6343",1631,"V7",722,14
"6353",1629,"V7",722,14
"6363",1627,"V7",722,14
"6373",1628,"V7",722,14
"6383",1625,"V7",722,14
"6393",1626,"V7",722,14
"6403",1653,"V7",738,16
"6415",1654,"V7",738,16
"6423",1652,"V7",738,16
"6433",1651,"V7",738,16
"6443",1649,"V7",738,16
"6453",1650,"V7",738,16
"6463",1647,"V7",738,16
"6473",1648,"V7",738,16
"6483",1646,"V7",738,16
"6493",1645,"V7",738,16
"6503",1643,"V7",738,16
"6515",1644,"V7",738,16
"6523",1642,"V7",738,16
"6533",1639,"V7",738,16
"6543",1640,"V7",738,16
"6553",1641,"V7",738,16
"6563",1662,"V7",746,8
"6573",1661,"V7",746,8
"6583",1660,"V7",746,8
"6593",1659,"V7",746,8
"6603",1658,"V7",746,8
"6615",1655,"V7",746,8
"6623",1656,"V7",746,8
"6633",1657,"V7",746,8
"6643",1674,"V7",760,14
"6653",1675,"V7",760,14
"6663",1676,"V7",760,14
"6673",1672,"V7",760,14
"6683",1673,"V7",760,14
"6693",1671,"V7",760,14
"6703",1670,"V7",760,14
"6715",1669,"V7",760,14
"6723",1668,"V7",760,14
"6733",1667,"V7",760,14
"6743",1666,"V7",760,14
"6753",1663,"V7",760,14
"6763",1664,"V7",760,14
"6773",1665,"V7",760,14
"6783",1690,"V7",774,14
"6793",1688,"V7",774,14
"6803",1689,"V7",774,14
"6815",1686,"V7",774,14
"6823",1687,"V7",774,14
"6833",1685,"V7",774,14
"6843",1684,"V7",774,14
"6853",1683,"V7",774,14
"6863",1682,"V7",774,14
"6873",1680,"V7",774,14
"6883",1681,"V7",774,14
"6893",1678,"V7",774,14
"6903",1679,"V7",774,14
"6915",1677,"V7",774,14
"6923",1701,"V7",786,12
"6933",1702,"V7",786,12
"6943",1698,"V7",786,12
"6953",1699,"V7",786,12
"6963",1700,"V7",786,12
"6973",1696,"V7",786,12
"6983",1697,"V7",786,12
"6993",1695,"V7",786,12
"7003",1691,"V7",786,12
"7015",1692,"V7",786,12
"7023",1693,"V7",786,12
"7033",1694,"V7",786,12
"7043",1711,"V7",795,9
"7053",1708,"V7",795,9
"7063",1709,"V7",795,9
"7073",1710,"V7",795,9
"7083",1706,"V7",795,9
"7093",1707,"V7",795,9
"7105",1705,"V7",795,9
"7115",1704,"V7",795,9
"7123",1703,"V7",795,9
"7133",1720,"V7",804,9
"7143",1718,"V7",804,9
"7153",1719,"V7",804,9
"7163",1717,"V7",804,9
"7173",1716,"V7",804,9
"7183",1715,"V7",804,9
"7193",1714,"V7",804,9
"7203",1712,"V7",804,9
"7215",1713,"V7",804,9
"7223",1732,"V7",816,12
"7233",1731,"V7",816,12
"7243",1729,"V7",816,12
"7253",1730,"V7",816,12
"7263",1726,"V7",816,12
"7273",1727,"V7",816,12
"7283",1728,"V7",816,12
"7293",1725,"V7",816,12
"7303",1724,"V7",816,12
"7315",1723,"V7",816,12
"7323",1722,"V7",816,12
"7333",1721,"V7",816,12
"7343",1743,"V7",827,11
"7353",1742,"V7",827,11
"7363",1741,"V7",827,11
"7373",1739,"V7",827,11
"7383",1740,"V7",827,11
"7393",1738,"V7",827,11
"7403",1736,"V7",827,11
"7415",1737,"V7",827,11
"7423",1735,"V7",827,11
"7433",1733,"V7",827,11
"7443",1734,"V7",827,11
"7453",1758,"V7",844,17
"7463",1759,"V7",844,17
"7473",1760,"V7",844,17
"7483",1756,"V7",844,17
"7493",1757,"V7",844,17
"7503",1754,"V7",844,17
"7515",1755,"V7",844,17
"7523",1753,"V7",844,17
"7533",1752,"V7",844,17
"7543",1750,"V7",844,17
"7553",1751,"V7",844,17
"7563",1748,"V7",844,17
"7573",1749,"V7",844,17
"7583",1747,"V7",844,17
"7593",1744,"V7",844,17
"7603",1745,"V7",844,17
"7615",1746,"V7",844,17
"7623",1775,"V7",859,15
"7633",1771,"V7",859,15
"7643",1772,"V7",859,15
"7653",1773,"V7",859,15
"7663",1774,"V7",859,15
"7673",1770,"V7",859,15
"7683",1767,"V7",859,15
"7693",1768,"V7",859,15
"7703",1769,"V7",859,15
"7715",1765,"V7",859,15
"7723",1766,"V7",859,15
"7733",1763,"V7",859,15
"7743",1764,"V7",859,15
"7753",1761,"V7",859,15
"7763",1762,"V7",859,15
"7773",1789,"V7",874,15
"7783",1790,"V7",874,15
"7793",1787,"V7",874,15
"7803",1788,"V7",874,15
"7815",1785,"V7",874,15
"7823",1786,"V7",874,15
"7833",1784,"V7",874,15
"7843",1783,"V7",874,15
"7853",1781,"V7",874,15
"7863",1782,"V7",874,15
"7873",1779,"V7",874,15
"7883",1780,"V7",874,15
"7893",1777,"V7",874,15
"7903",1778,"V7",874,15
"7915",1776,"V7",874,15
"7923",1801,"V7",888,14
"7933",1802,"V7",888,14
"7943",1803,"V7",888,14
"7953",1804,"V7",888,14
"7963",1799,"V7",888,14
"7973",1800,"V7",888,14
"7983",1798,"V7",888,14
"7993",1797,"V7",888,14
"8003",1796,"V7",888,14
"8015",1793,"V7",888,14
"8023",1794,"V7",888,14
"8033",1795,"V7",888,14
"8043",1792,"V7",888,14
"8053",1791,"V7",888,14
"8063",1821,"V7",905,17
"8073",1819,"V7",905,17
"8083",1820,"V7",905,17
"8093",1818,"V7",905,17
"8105",1817,"V7",905,17
"8115",1815,"V7",905,17
"8123",1816,"V7",905,17
"8133",1813,"V7",905,17
"8143",1814,"V7",905,17
"8153",1812,"V7",905,17
"8163",1811,"V7",905,17
"8173",1810,"V7",905,17
"8183",1809,"V7",905,17
"8193",1807,"V7",905,17
"8203",1808,"V7",905,17
"8215",1806,"V7",905,17
"8223",1805,"V7",905,17
"8233",1832,"V7",916,11
"8243",1829,"V7",916,11
"8253",1830,"V7",916,11
"8263",1831,"V7",916,11
"8273",1828,"V7",916,11
"8283",1827,"V7",916,11
"8293",1825,"V7",916,11
"8303",1826,"V7",916,11
"8315",1822,"V7",916,11
"8323",1823,"V7",916,11
"8333",1824,"V7",916,11
"8343",1845,"V7",931,15
"8353",1846,"V7",931,15
"8363",1847,"V7",931,15
"8373",1841,"V7",931,15
"8383",1842,"V7",931,15
"8393",1843,"V7",931,15
"8403",1844,"V7",931,15
"8415",1838,"V7",931,15
"8423",1839,"V7",931,15
"8433",1840,"V7",931,15
"8443",1836,"V7",931,15
"8453",1837,"V7",931,15
"8463",1834,"V7",931,15
"8473",1835,"V7",931,15
"8483",1833,"V7",931,15
"8493",1860,"V7",944,13
"8503",1857,"V7",944,13
"8515",1858,"V7",944,13
"8523",1859,"V7",944,13
"8533",1855,"V7",944,13
"8543",1856,"V7",944,13
"8553",1854,"V7",944,13
"8563",1853,"V7",944,13
"8573",1852,"V7",944,13
"8583",1851,"V7",944,13
"8593",1850,"V7",944,13
"8603",1849,"V7",944,13
"8615",1848,"V7",944,13
"8623",1865,"V7",949,5
"8633",1864,"V7",949,5
"8643",1863,"V7",949,5
"8653",1861,"V7",949,5
"8663",1862,"V7",949,5
"8673",1873,"V7",958,9
"8683",1874,"V7",958,9
"8693",1872,"V7",958,9
"8703",1869,"V7",958,9
"8715",1870,"V7",958,9
"8723",1871,"V7",958,9
"8733",1868,"V7",958,9
"8743",1866,"V7",958,9
"8753",1867,"V7",958,9
"8763",1883,"V7",967,9
"8773",1882,"V7",967,9
"8783",1881,"V7",967,9
"8793",1879,"V7",967,9
"8803",1880,"V7",967,9
"8815",1878,"V7",967,9
"8823",1877,"V7",967,9
"8833",1876,"V7",967,9
"8843",1875,"V7",967,9
"8853",1892,"V7",976,9
"8863",1890,"V7",976,9
"8873",1891,"V7",976,9
"8883",1889,"V7",976,9
"8893",1888,"V7",976,9
"8903",1887,"V7",976,9
"8915",1886,"V7",976,9
"8923",1884,"V7",976,9
"8933",1885,"V7",976,9
"8943",1900,"V7",986,10
"8953",1901,"V7",986,10
"8963",1902,"V7",986,10
"8973",1899,"V7",986,10
"8983",1898,"V7",986,10
"8993",1897,"V7",986,10
"9003",1896,"V7",986,10
"9015",1894,"V7",986,10
"9023",1895,"V7",986,10
"9033",1893,"V7",986,10
"9043",1911,"V7",997,11
"9053",1912,"V7",997,11
"9063",1913,"V7",997,11
"9073",1910,"V7",997,11
"9083",1909,"V7",997,11
"9093",1908,"V7",997,11
"9103",1906,"V7",997,11
"9115",1907,"V7",997,11
"9123",1904,"V7",997,11
"9133",1905,"V7",997,11
"9143",1903,"V7",997,11
